--
-- PostgreSQL database dump
--

-- Dumped from database version 9.5.3
-- Dumped by pg_dump version 9.5.3

-- Started on 2017-10-29 12:31:22

SET statement_timeout = 0;
SET lock_timeout = 0;
SET client_encoding = 'UTF8';
SET standard_conforming_strings = on;
SET check_function_bodies = false;
SET client_min_messages = warning;
SET row_security = off;

--
-- TOC entry 11 (class 2615 OID 36355)
-- Name: aems; Type: SCHEMA; Schema: -; Owner: aems
--

CREATE SCHEMA aems;


ALTER SCHEMA aems OWNER TO aems;

--
-- TOC entry 10 (class 2615 OID 36958)
-- Name: sqlj; Type: SCHEMA; Schema: -; Owner: postgres
--

CREATE SCHEMA sqlj;


ALTER SCHEMA sqlj OWNER TO postgres;

--
-- TOC entry 2350 (class 0 OID 0)
-- Dependencies: 10
-- Name: SCHEMA sqlj; Type: COMMENT; Schema: -; Owner: postgres
--

COMMENT ON SCHEMA sqlj IS 'Schema for objects pertaining to PL/Java, as specified by "SQL/JRT" part 13 of the SQL standard, Java Routines and Types.';


--
-- TOC entry 3 (class 3079 OID 37163)
-- Name: pljava; Type: EXTENSION; Schema: -; Owner: 
--

CREATE EXTENSION IF NOT EXISTS pljava WITH SCHEMA sqlj;


--
-- TOC entry 2352 (class 0 OID 0)
-- Dependencies: 3
-- Name: EXTENSION pljava; Type: COMMENT; Schema: -; Owner: 
--

COMMENT ON EXTENSION pljava IS 'PL/Java procedural language (https://tada.github.io/pljava/)';


--
-- TOC entry 1 (class 3079 OID 12355)
-- Name: plpgsql; Type: EXTENSION; Schema: -; Owner: 
--

CREATE EXTENSION IF NOT EXISTS plpgsql WITH SCHEMA pg_catalog;


--
-- TOC entry 2353 (class 0 OID 0)
-- Dependencies: 1
-- Name: EXTENSION plpgsql; Type: COMMENT; Schema: -; Owner: 
--

COMMENT ON EXTENSION plpgsql IS 'PL/pgSQL procedural language';


--
-- TOC entry 2 (class 3079 OID 35806)
-- Name: pgcrypto; Type: EXTENSION; Schema: -; Owner: 
--

CREATE EXTENSION IF NOT EXISTS pgcrypto WITH SCHEMA public;


--
-- TOC entry 2354 (class 0 OID 0)
-- Dependencies: 2
-- Name: EXTENSION pgcrypto; Type: COMMENT; Schema: -; Owner: 
--

COMMENT ON EXTENSION pgcrypto IS 'cryptographic functions';


SET search_path = aems, pg_catalog;

--
-- TOC entry 283 (class 1255 OID 53706)
-- Name: archive_meter_notification(character varying, numeric, boolean, boolean, numeric, numeric, numeric); Type: FUNCTION; Schema: aems; Owner: aems
--

CREATE FUNCTION archive_meter_notification(param_meter character varying, param_notification numeric, param_positive_deviation boolean, param_negative_deviation boolean, param_positive_deviation_value numeric, param_negative_deviation_value numeric, param_period numeric) RETURNS void
    LANGUAGE plpgsql
    AS $$
declare

	notification_record record;

begin

	for notification_record in (select *
				     from aems."ArchivedMeterNotifications"
				     where meter = param_meter and notification = param_notification and period = param_period) loop

		if notification_record.positive_deviation = param_positive_deviation and notification_record.negative_deviation = param_negative_deviation
			and notification_record.positive_deviation_value = param_positive_deviation_value and notification_record.negative_deviation_value = param_negative_deviation_value then

			-- entries are congruent
			-- merely update last occurrence field

			update aems."ArchivedMeterNotifications"
			set last_occurrence = now();

			return;
		end if;

	end loop;

	insert into aems."ArchivedMeterNotifications" (id, meter, notification, positive_deviation, negative_deviation, negative_deviation_value, positive_deviation_value, period, initial_occurrence)
	values (nextval('aems.amn_seq'), param_meter, param_notification, param_positive_deviation, param_negative_deviation, param_negative_deviation_value, param_positive_deviation_value, param_period, now());

exception
	when NO_DATA_FOUND then
		insert into aems."ArchivedMeterNotifications" (id, meter, notification, positive_deviation, negative_deviation, negative_deviation_value, positive_deviation_value, period, initial_occurrence)
		values (nextval('aems.amn_seq'), param_meter, param_notification, param_positive_deviation, param_negative_deviation, param_negative_deviation_value, param_positive_deviation_value, param_period, now());

end;


$$;


ALTER FUNCTION aems.archive_meter_notification(param_meter character varying, param_notification numeric, param_positive_deviation boolean, param_negative_deviation boolean, param_positive_deviation_value numeric, param_negative_deviation_value numeric, param_period numeric) OWNER TO aems;

--
-- TOC entry 282 (class 1255 OID 45483)
-- Name: check_for_deviation_of_measurements(); Type: FUNCTION; Schema: aems; Owner: aems
--

CREATE FUNCTION check_for_deviation_of_measurements() RETURNS void
    LANGUAGE plpgsql
    AS $$
declare

	min_measured_value aems."MeterData".measured_value%type;
	max_measured_value aems."MeterData".measured_value%type;
	avg_measured_value aems."MeterData".measured_value%type;
	min_negative_deviation aems."Notifications".min_negative_deviation%type;
	min_positive_deviation aems."Notifications".min_positive_deviation%type;

	negative_deviation_present boolean;
	positive_deviation_present boolean;

	deviation_period aems."Periods".id%type;
	
	meter_row record;
	notification_exception record;
	meter_data record;
	substraction_days decimal(3, 0);
begin

	for meter_row in (select meter as "id", notification
			  from aems."NotificationMeters") loop

		deviation_period := -1;
		negative_deviation_present := false;
		positive_deviation_present := false;

		select avg(measured_value), min(measured_value), max(measured_value) into avg_measured_value, min_measured_value, max_measured_value
		from aems."MeterData"
		where meter = meter_row.id;

		select n."min_negative_deviation", n."min_positive_deviation" into min_negative_deviation, min_positive_deviation
		from aems."Notifications" n
		where id = meter_row.notification;

		if min_measured_value < avg_measured_value - (avg_measured_value * (min_negative_deviation / 100.0)) then
			-- raise notice 'negative deviation detected: %', notification_exception.period;
			deviation_period := 0;
			negative_deviation_present := true;
		end if;

		if max_measured_value > avg_measured_value + (avg_measured_value * (min_positive_deviation / 100.0)) then
			-- raise notice 'positive deviation detected: %', notification_exception.period;
			deviation_period := 0;
			positive_deviation_present := true;
		end if;

		for notification_exception in (select a.period, a.min_positive_deviation, a.min_negative_deviation
						from aems."NotificationExceptions" a
						inner join aems."Notifications" b on (a.notification = b.id)
						where meter_row.notification = b.id
						order by a.period desc ) loop

			-- raise notice 'period: %', notification_exception.period;

			if notification_exception.period = 1 then -- daily
				substraction_days := 1;
			elsif notification_exception.period = 2 then -- weekly
				substraction_days := 7;
			elsif notification_exception.period = 3 then -- monthly
				substraction_days := 31;
			elsif notification_exception.period = 4 then -- yearly
				substraction_days := 365;
			end if;
		
			for meter_data in (select avg(measured_value) as avg, min(measured_value) as min, max(measured_value) as max
					   from aems."MeterData"
					   where meter = meter_row.id and "timestamp" between (now()::timestamp - (substraction_days || ' days')::interval) and now()::timestamp) loop

				-- raise notice '%', meter_data;

				negative_deviation_present := meter_data.min < meter_data.avg - (meter_data.avg * (notification_exception.min_negative_deviation / 100.0));
				positive_deviation_present := meter_data.max > meter_data.avg + (meter_data.avg * (notification_exception.min_positive_deviation / 100.0));

				if negative_deviation_present or positive_deviation_present then
					
				end if;

				if negative_deviation_present then
					-- raise notice 'negative deviation detected: %', notification_exception.period;
					deviation_period := notification_exception.period;
					min_measured_value := meter_data.min;
				end if;

				if positive_deviation_present then
					-- raise notice 'positive deviation detected: %', notification_exception.period;
					deviation_period := notification_exception.period;
					max_measured_value := meter_data.max;
				end if;
				
			end loop;

		end loop;

		-- raise notice 'deviation min: % max: % period: %', min_measured_value, max_measured_value, deviation_period;
		perform aems."archive_meter_notification"(meter_row.id, meter_row.notification, positive_deviation_present, negative_deviation_present, min_measured_value, max_measured_value, deviation_period);			

	end loop;

end;

$$;


ALTER FUNCTION aems.check_for_deviation_of_measurements() OWNER TO aems;

--
-- TOC entry 271 (class 1255 OID 37177)
-- Name: compute(numeric, numeric, numeric); Type: FUNCTION; Schema: aems; Owner: postgres
--

CREATE FUNCTION compute(numeric, numeric, numeric) RETURNS numeric
    LANGUAGE java
    AS $$at.htlgkr.aems.util.key.DiffieHellmanProcedure.compute$$;


ALTER FUNCTION aems.compute(numeric, numeric, numeric) OWNER TO postgres;

--
-- TOC entry 260 (class 1255 OID 36396)
-- Name: delete_user(character varying); Type: FUNCTION; Schema: aems; Owner: aems
--

CREATE FUNCTION delete_user(p_username character varying) RETURNS boolean
    LANGUAGE plpgsql
    AS $$
declare

	row_count_before integer;
	row_count_after integer;

begin
	
	select count(*) into row_count_before
	from aems."Users";

	delete from aems."Users"
	where username = p_username;

	select count(*) into row_count_after
	from aems."Users";

	if row_count_before > row_count_after then
		return true;
	else
		return false;
	end if;
end;
$$;


ALTER FUNCTION aems.delete_user(p_username character varying) OWNER TO aems;

--
-- TOC entry 277 (class 1255 OID 36839)
-- Name: get_transfer_infos(); Type: FUNCTION; Schema: aems; Owner: postgres
--

CREATE FUNCTION get_transfer_infos() RETURNS character varying
    LANGUAGE plpgsql
    AS $$
declare

	json varchar(200);
	secret_number decimal(3, 0);
	mod_number decimal(100, 0);
	base_number decimal(1000, 0);
	combination decimal(1000, 0);

begin

	json := '{ ';

	-- generate base factor

	select random() * 9 + 11 into base_number;
	json := json || 'base:' || base_number;

	-- generate modulus

	select random() * (random() * 81657531897453431354687831513154354546878645513213245) into mod_number;
	json := json || ', mod:' || mod_number;

	-- generate secret number

	select random() * 9 + 4 into secret_number;
	select aems.compute(base_number, mod_number, secret_number) into combination;

	json := json || ', combination:' || combination || ' }';


	delete from aems."TransferInfos"; -- erase priorly specified data
	insert into aems."TransferInfos" (id, secret_number, mod_number) -- store the secret and modulus number into "TransferInfos"
	values (0, secret_number, mod_number);

	-- return info
	return json;
end;

$$;


ALTER FUNCTION aems.get_transfer_infos() OWNER TO postgres;

--
-- TOC entry 280 (class 1255 OID 37414)
-- Name: get_user_infos(); Type: FUNCTION; Schema: aems; Owner: aems
--

CREATE FUNCTION get_user_infos() RETURNS bytea
    LANGUAGE plpgsql
    AS $$
declare
	decrypted_password_bytes bytea;
	aes_key varchar(48);
	aes_key_bytes bytea;
	user_password_bytes bytea;
	decrypted_password varchar(32);

	datafile text default 'key.txt';

	user_record record;
	user_meter_record record;
	json varchar(500000) default '';

	transferKey varchar(100);
	finalKeyNum numeric(100, 0) default 1;
begin

	aes_key := pg_read_file(datafile, 0, 16);
	aes_key_bytes := convert_to(aes_key, 'UTF-8');

	json := '[ ';
	for user_record in (select id, username, "password"
			    from aems."Users") loop
	        decrypted_password_bytes := aems.request_decryption(aes_key_bytes, user_record."password");
		decrypted_password := convert_from(decrypted_password_bytes, 'UTF-8');

		raise notice 'is: %' ,decrypted_password;

		json := json || '{ "id":' || user_record.id || ', "username":"' || user_record."username" || '", "password":"' || decrypted_password || '", "meters":[';

		for user_meter_record in (select m.id, mt.display_name as "metertype", city, latitude, longitude
					  from aems."Meters" m
					  inner join aems."MeterTypes" mt on (mt.id = m.metertype)
					  where "user" = user_record.id) loop

			json := json || '{"id":"' || user_meter_record.id || '", "type":"' || user_meter_record.metertype || '", ';
			json := json || '"location": {"city":"' || user_meter_record.city || '", "lat":' || user_meter_record.latitude || ', "long":' || user_meter_record.longitude || '}},';
 
		end loop;
		select substr(json, 0, char_length(json)) into json; -- remove last comma
		
		json := json || ']},';
	end loop;

	raise notice 'json: %' , json;
	
	select substr(json, 0, char_length(json)) into json;
	json := json || ' ]';

	-- convert_to("key", 'UTF-8')
	select "key" into transferKey
	from aems."TransferInfos"
	where id = 0;

	finalKeyNum := aems.salt(aems.hash_code(transferKey), 'master', aems.get_user_password('master'));

	--raise notice 'final key num: %', finalKeyNum;

	select substr(cast(finalKeyNum as varchar), 0, 17) into transferKey; -- key cannot exceed 16 digits
	select convert_to(transferKey, 'UTF-8') into aes_key_bytes;

	raise notice 'key: %', transferKey;

	delete from aems."DebugInfo";
	insert into aems."DebugInfo" (pk, "string") values (0, transferKey);

	return aems.request_encryption(aes_key_bytes, convert_to(json, 'UTF-8'));
end;
$$;


ALTER FUNCTION aems.get_user_infos() OWNER TO aems;

--
-- TOC entry 279 (class 1255 OID 45457)
-- Name: get_user_password(character varying); Type: FUNCTION; Schema: aems; Owner: postgres
--

CREATE FUNCTION get_user_password(param_username character varying) RETURNS character varying
    LANGUAGE plpgsql
    AS $_$
declare
	decrypted_password_bytes bytea;
	aes_key varchar(48);
	aes_key_bytes bytea;
	decrypted_password varchar(32);

	datafile text default 'key.txt';

	user_pwd bytea;
	stm varchar(100);
begin

	aes_key := pg_read_file(datafile, 0, 16);
	aes_key_bytes := convert_to(aes_key, 'UTF-8');

	execute 'select "password"
	        from aems."Users"
	        where username = $1' into user_pwd using param_username;

	decrypted_password_bytes := aems.request_decryption(aes_key_bytes, user_pwd);
	decrypted_password := convert_from(decrypted_password_bytes, 'UTF-8');

	return decrypted_password;
end;
$_$;


ALTER FUNCTION aems.get_user_password(param_username character varying) OWNER TO postgres;

--
-- TOC entry 278 (class 1255 OID 45456)
-- Name: hash_code(character varying); Type: FUNCTION; Schema: aems; Owner: postgres
--

CREATE FUNCTION hash_code(character varying) RETURNS integer
    LANGUAGE java
    AS $$at.htlgkr.aems.util.hashcode.HashCode.getHashCode$$;


ALTER FUNCTION aems.hash_code(character varying) OWNER TO postgres;

--
-- TOC entry 275 (class 1255 OID 36398)
-- Name: register_user(character varying, character varying); Type: FUNCTION; Schema: aems; Owner: aems
--

CREATE FUNCTION register_user(username character varying, clear_text_password character varying) RETURNS boolean
    LANGUAGE plpgsql
    AS $$
declare
	pass_bytes bytea;
	decrypted_text varchar(4096);
	encrypted_pass_bytes bytea;
	aes_key varchar(48);
	aes_key_bytes bytea;

	datafile text default 'key.txt';

	row_count_before integer;
	row_count_after integer;
begin
	-- aquire the key from the key file ; preliminarily located within the data directory at serverside
	-- key file must be relocated in the future!!!
	aes_key := pg_read_file(datafile, 0, 16);

	pass_bytes := convert_to(clear_text_password, 'UTF-8');
	aes_key_bytes := convert_to(aes_key, 'UTF-8');
	encrypted_pass_bytes := aems.request_encryption(aes_key_bytes, pass_bytes);

	select count(*) into row_count_before
	from aems."Users";

	insert into aems."Users" (id, username, "password")
	values (nextval('aems.user_seq'), username, encrypted_pass_bytes);

	select count(*) into row_count_after
	from aems."Users";

	if row_count_before < row_count_after then
		return true;
	else
		return false;
	end if;

exception
	when others then
		return false;	
end;
$$;


ALTER FUNCTION aems.register_user(username character varying, clear_text_password character varying) OWNER TO aems;

--
-- TOC entry 273 (class 1255 OID 37189)
-- Name: request_decryption(bytea, bytea); Type: FUNCTION; Schema: aems; Owner: postgres
--

CREATE FUNCTION request_decryption(bytea, bytea) RETURNS bytea
    LANGUAGE java
    AS $$at.htlgkr.aems.util.crypto.Decrypter.requestDecryption$$;


ALTER FUNCTION aems.request_decryption(bytea, bytea) OWNER TO postgres;

--
-- TOC entry 274 (class 1255 OID 37190)
-- Name: request_encryption(bytea, bytea); Type: FUNCTION; Schema: aems; Owner: postgres
--

CREATE FUNCTION request_encryption(bytea, bytea) RETURNS bytea
    LANGUAGE java
    AS $$at.htlgkr.aems.util.crypto.Encrypter.requestEncryption$$;


ALTER FUNCTION aems.request_encryption(bytea, bytea) OWNER TO postgres;

--
-- TOC entry 281 (class 1255 OID 45479)
-- Name: salt(numeric, character varying, character varying); Type: FUNCTION; Schema: aems; Owner: postgres
--

CREATE FUNCTION salt(numeric, character varying, character varying) RETURNS numeric
    LANGUAGE java
    AS $$at.htlgkr.aems.util.crypto.KeyUtils.salt$$;


ALTER FUNCTION aems.salt(numeric, character varying, character varying) OWNER TO postgres;

--
-- TOC entry 276 (class 1255 OID 37192)
-- Name: verify_transfer_infos(numeric); Type: FUNCTION; Schema: aems; Owner: postgres
--

CREATE FUNCTION verify_transfer_infos(combination numeric) RETURNS void
    LANGUAGE plpgsql
    AS $$
declare

	akey decimal(400, 0);
	varchar_key varchar(500);

begin

	select aems.compute(combination, mod_number, secret_number) into akey
	from aems."TransferInfos"
	where id = 0;

	SELECT CAST(akey AS varchar(500)) into varchar_key;	
	select substr(varchar_key, 1, 16) into varchar_key;
	

	update aems."TransferInfos" -- store the key into "TransferInfos"
	set "key" = varchar_key
	where id = 0;
end;

$$;


ALTER FUNCTION aems.verify_transfer_infos(combination numeric) OWNER TO postgres;

SET default_tablespace = '';

SET default_with_oids = false;

--
-- TOC entry 210 (class 1259 OID 53680)
-- Name: ArchivedMeterNotifications; Type: TABLE; Schema: aems; Owner: aems
--

CREATE TABLE "ArchivedMeterNotifications" (
    id numeric(10,0) NOT NULL,
    meter character varying(150),
    notification numeric(10,0),
    positive_deviation boolean,
    negative_deviation boolean,
    positive_deviation_value numeric(7,2),
    negative_deviation_value numeric(7,2),
    period numeric(10,0),
    initial_occurrence timestamp without time zone,
    last_occurrence timestamp without time zone
);


ALTER TABLE "ArchivedMeterNotifications" OWNER TO aems;

--
-- TOC entry 209 (class 1259 OID 45470)
-- Name: DebugInfo; Type: TABLE; Schema: aems; Owner: aems
--

CREATE TABLE "DebugInfo" (
    pk integer NOT NULL,
    string character varying(1000)
);


ALTER TABLE "DebugInfo" OWNER TO aems;

--
-- TOC entry 207 (class 1259 OID 37393)
-- Name: MeterData; Type: TABLE; Schema: aems; Owner: aems
--

CREATE TABLE "MeterData" (
    id numeric(10,0) NOT NULL,
    meter character varying(150),
    "timestamp" timestamp without time zone NOT NULL,
    measured_value numeric(7,2) NOT NULL
);


ALTER TABLE "MeterData" OWNER TO aems;

--
-- TOC entry 185 (class 1259 OID 36356)
-- Name: MeterTypes; Type: TABLE; Schema: aems; Owner: aems
--

CREATE TABLE "MeterTypes" (
    id numeric(10,0) NOT NULL,
    display_name character varying(100) NOT NULL
);


ALTER TABLE "MeterTypes" OWNER TO aems;

--
-- TOC entry 187 (class 1259 OID 36371)
-- Name: Meters; Type: TABLE; Schema: aems; Owner: aems
--

CREATE TABLE "Meters" (
    id character varying(150) NOT NULL,
    metertype numeric(10,0),
    "user" numeric(10,0),
    city character varying(50),
    latitude numeric(10,4),
    longitude numeric(10,4)
);


ALTER TABLE "Meters" OWNER TO aems;

--
-- TOC entry 204 (class 1259 OID 37345)
-- Name: NotificationExceptions; Type: TABLE; Schema: aems; Owner: aems
--

CREATE TABLE "NotificationExceptions" (
    id numeric(10,0) NOT NULL,
    notification numeric(10,0) NOT NULL,
    period numeric(2,0),
    min_positive_deviation numeric(3,0),
    min_negative_deviation numeric(3,0)
);


ALTER TABLE "NotificationExceptions" OWNER TO aems;

--
-- TOC entry 203 (class 1259 OID 37332)
-- Name: NotificationMeters; Type: TABLE; Schema: aems; Owner: aems
--

CREATE TABLE "NotificationMeters" (
    meter character varying(150) NOT NULL,
    notification numeric(10,0) NOT NULL
);


ALTER TABLE "NotificationMeters" OWNER TO aems;

--
-- TOC entry 202 (class 1259 OID 37322)
-- Name: Notifications; Type: TABLE; Schema: aems; Owner: aems
--

CREATE TABLE "Notifications" (
    id numeric(10,0) NOT NULL,
    "user" numeric(10,0) NOT NULL,
    name character varying(100) NOT NULL,
    type integer,
    min_positive_deviation numeric(3,0),
    min_negative_deviation numeric(3,0)
);


ALTER TABLE "Notifications" OWNER TO aems;

--
-- TOC entry 199 (class 1259 OID 37214)
-- Name: Periods; Type: TABLE; Schema: aems; Owner: aems
--

CREATE TABLE "Periods" (
    id numeric(10,0) NOT NULL,
    name character varying(1000)
);


ALTER TABLE "Periods" OWNER TO aems;

--
-- TOC entry 206 (class 1259 OID 37378)
-- Name: ReportStatistics; Type: TABLE; Schema: aems; Owner: aems
--

CREATE TABLE "ReportStatistics" (
    report numeric(10,0) NOT NULL,
    statistic numeric(10,0) NOT NULL
);


ALTER TABLE "ReportStatistics" OWNER TO aems;

--
-- TOC entry 205 (class 1259 OID 37360)
-- Name: Reports; Type: TABLE; Schema: aems; Owner: aems
--

CREATE TABLE "Reports" (
    id numeric(10,0) NOT NULL,
    name character varying(100),
    annotation character varying(2000),
    from_date date,
    to_date date,
    period numeric(10,0),
    "user" numeric(10,0)
);


ALTER TABLE "Reports" OWNER TO aems;

--
-- TOC entry 200 (class 1259 OID 37272)
-- Name: StatisticMeters; Type: TABLE; Schema: aems; Owner: aems
--

CREATE TABLE "StatisticMeters" (
    statistic numeric(10,0) NOT NULL,
    meter character varying(150) NOT NULL
);


ALTER TABLE "StatisticMeters" OWNER TO aems;

--
-- TOC entry 201 (class 1259 OID 37302)
-- Name: StatisticTimes; Type: TABLE; Schema: aems; Owner: aems
--

CREATE TABLE "StatisticTimes" (
    id numeric(10,0) NOT NULL,
    statistic numeric(10,0),
    period numeric(10,0),
    period_value_1 numeric(3,0),
    period_value_2 numeric(3,0),
    from_date date,
    to_date date
);


ALTER TABLE "StatisticTimes" OWNER TO aems;

--
-- TOC entry 198 (class 1259 OID 37201)
-- Name: Statistics; Type: TABLE; Schema: aems; Owner: aems
--

CREATE TABLE "Statistics" (
    id numeric(10,0) NOT NULL,
    "user" numeric(10,0),
    name character varying(1000)
);


ALTER TABLE "Statistics" OWNER TO aems;

--
-- TOC entry 189 (class 1259 OID 36844)
-- Name: TransferInfos; Type: TABLE; Schema: aems; Owner: aems
--

CREATE TABLE "TransferInfos" (
    id numeric(10,0) NOT NULL,
    secret_number numeric(3,0) NOT NULL,
    key character varying(16),
    mod_number numeric(100,0)
);


ALTER TABLE "TransferInfos" OWNER TO aems;

--
-- TOC entry 186 (class 1259 OID 36361)
-- Name: Users; Type: TABLE; Schema: aems; Owner: aems
--

CREATE TABLE "Users" (
    id numeric(10,0) NOT NULL,
    username character varying(32) NOT NULL,
    password bytea
);


ALTER TABLE "Users" OWNER TO aems;

--
-- TOC entry 208 (class 1259 OID 37403)
-- Name: WeatherData; Type: TABLE; Schema: aems; Owner: aems
--

CREATE TABLE "WeatherData" (
    id numeric(10,0) NOT NULL,
    meter character varying(150) NOT NULL,
    "timestamp" timestamp without time zone,
    temperature numeric(5,2),
    humidity numeric(5,2)
);


ALTER TABLE "WeatherData" OWNER TO aems;

--
-- TOC entry 211 (class 1259 OID 53700)
-- Name: amn_seq; Type: SEQUENCE; Schema: aems; Owner: aems
--

CREATE SEQUENCE amn_seq
    START WITH 1
    INCREMENT BY 1
    NO MINVALUE
    NO MAXVALUE
    CACHE 5;


ALTER TABLE amn_seq OWNER TO aems;

--
-- TOC entry 188 (class 1259 OID 36399)
-- Name: user_seq; Type: SEQUENCE; Schema: aems; Owner: aems
--

CREATE SEQUENCE user_seq
    START WITH 15
    INCREMENT BY 1
    NO MINVALUE
    NO MAXVALUE
    CACHE 5;


ALTER TABLE user_seq OWNER TO aems;

--
-- TOC entry 2340 (class 0 OID 53680)
-- Dependencies: 210
-- Data for Name: ArchivedMeterNotifications; Type: TABLE DATA; Schema: aems; Owner: aems
--

COPY "ArchivedMeterNotifications" (id, meter, notification, positive_deviation, negative_deviation, positive_deviation_value, negative_deviation_value, period, initial_occurrence, last_occurrence) FROM stdin;
1	AT00000000000000000003333	1	t	t	20.00	90.00	3	2017-10-29 12:07:13.380039	2017-10-29 12:30:00.37612
2	AT00000000000000000003333	1	t	t	32.25	32.25	3	2017-10-29 12:14:56.008561	2017-10-29 12:30:00.37612
3	AT00000000000000000003333	1	t	t	75.00	75.00	3	2017-10-29 12:17:50.582652	2017-10-29 12:30:00.37612
4	AT00000000000000000003333	1	t	t	20.00	180.00	3	2017-10-29 12:19:03.469842	2017-10-29 12:30:00.37612
5	AT00000000000000000004444	2	t	t	20.00	25.00	0	2017-10-29 12:24:59.417724	2017-10-29 12:30:00.37612
6	AT00000000000000000004444	2	t	f	20.00	25.00	0	2017-10-29 12:30:00.37612	\N
\.


--
-- TOC entry 2339 (class 0 OID 45470)
-- Dependencies: 209
-- Data for Name: DebugInfo; Type: TABLE DATA; Schema: aems; Owner: aems
--

COPY "DebugInfo" (pk, string) FROM stdin;
0	1213515386330739
\.


--
-- TOC entry 2337 (class 0 OID 37393)
-- Dependencies: 207
-- Data for Name: MeterData; Type: TABLE DATA; Schema: aems; Owner: aems
--

COPY "MeterData" (id, meter, "timestamp", measured_value) FROM stdin;
1	AT00000000000000000003333	2017-10-15 00:00:00	20.00
3	AT00000000000000000003333	2016-10-19 00:00:00	10.00
2	AT00000000000000000003333	2017-10-18 00:00:00	180.00
4	AT00000000000000000004444	2017-10-28 00:00:00	20.00
5	AT00000000000000000004444	2017-10-28 00:00:00	25.00
\.


--
-- TOC entry 2323 (class 0 OID 36356)
-- Dependencies: 185
-- Data for Name: MeterTypes; Type: TABLE DATA; Schema: aems; Owner: aems
--

COPY "MeterTypes" (id, display_name) FROM stdin;
5	test
\.


--
-- TOC entry 2325 (class 0 OID 36371)
-- Dependencies: 187
-- Data for Name: Meters; Type: TABLE DATA; Schema: aems; Owner: aems
--

COPY "Meters" (id, metertype, "user", city, latitude, longitude) FROM stdin;
AT00000000000000000003333	5	185	Grieskirchen	50.0000	60.0000
AT00000000000000000004444	5	185	Linz	60.0000	50.0000
AT00000000000000000005555	5	190	Ried	200.0000	30.0000
\.


--
-- TOC entry 2334 (class 0 OID 37345)
-- Dependencies: 204
-- Data for Name: NotificationExceptions; Type: TABLE DATA; Schema: aems; Owner: aems
--

COPY "NotificationExceptions" (id, notification, period, min_positive_deviation, min_negative_deviation) FROM stdin;
1	1	3	5	5
\.


--
-- TOC entry 2333 (class 0 OID 37332)
-- Dependencies: 203
-- Data for Name: NotificationMeters; Type: TABLE DATA; Schema: aems; Owner: aems
--

COPY "NotificationMeters" (meter, notification) FROM stdin;
AT00000000000000000003333	1
AT00000000000000000004444	2
\.


--
-- TOC entry 2332 (class 0 OID 37322)
-- Dependencies: 202
-- Data for Name: Notifications; Type: TABLE DATA; Schema: aems; Owner: aems
--

COPY "Notifications" (id, "user", name, type, min_positive_deviation, min_negative_deviation) FROM stdin;
1	190	Test_Notification	2	1	1
2	190	XXX	2	5	90
\.


--
-- TOC entry 2329 (class 0 OID 37214)
-- Dependencies: 199
-- Data for Name: Periods; Type: TABLE DATA; Schema: aems; Owner: aems
--

COPY "Periods" (id, name) FROM stdin;
1	Daily
3	Monthly
2	Weekly
4	Yearly
0	General
\.


--
-- TOC entry 2336 (class 0 OID 37378)
-- Dependencies: 206
-- Data for Name: ReportStatistics; Type: TABLE DATA; Schema: aems; Owner: aems
--

COPY "ReportStatistics" (report, statistic) FROM stdin;
1	1
\.


--
-- TOC entry 2335 (class 0 OID 37360)
-- Dependencies: 205
-- Data for Name: Reports; Type: TABLE DATA; Schema: aems; Owner: aems
--

COPY "Reports" (id, name, annotation, from_date, to_date, period, "user") FROM stdin;
1	Test_Report	Test Report Annotation	2017-06-15	2017-06-16	1	185
\.


--
-- TOC entry 2330 (class 0 OID 37272)
-- Dependencies: 200
-- Data for Name: StatisticMeters; Type: TABLE DATA; Schema: aems; Owner: aems
--

COPY "StatisticMeters" (statistic, meter) FROM stdin;
1	AT00000000000000000003333
\.


--
-- TOC entry 2331 (class 0 OID 37302)
-- Dependencies: 201
-- Data for Name: StatisticTimes; Type: TABLE DATA; Schema: aems; Owner: aems
--

COPY "StatisticTimes" (id, statistic, period, period_value_1, period_value_2, from_date, to_date) FROM stdin;
1	1	1	0	0	2017-06-15	2017-06-16
\.


--
-- TOC entry 2328 (class 0 OID 37201)
-- Dependencies: 198
-- Data for Name: Statistics; Type: TABLE DATA; Schema: aems; Owner: aems
--

COPY "Statistics" (id, "user", name) FROM stdin;
1	185	Test Statistic
\.


--
-- TOC entry 2327 (class 0 OID 36844)
-- Dependencies: 189
-- Data for Name: TransferInfos; Type: TABLE DATA; Schema: aems; Owner: aems
--

COPY "TransferInfos" (id, secret_number, key, mod_number) FROM stdin;
0	13	2368290482055749	5575688493897720000000000000000000000000000000000000
\.


--
-- TOC entry 2324 (class 0 OID 36361)
-- Dependencies: 186
-- Data for Name: Users; Type: TABLE DATA; Schema: aems; Owner: aems
--

COPY "Users" (id, username, password) FROM stdin;
185	x	\\x0e8fbf4bc734cf8dba070f433eced060
190	y	\\x0e8fbf4bc734cf8dba070f433eced060
215	master	\\xe14f06c7290c6965239251f63996a8493e4e99dfa68db040ebf5d2bda67eca20
\.


--
-- TOC entry 2338 (class 0 OID 37403)
-- Dependencies: 208
-- Data for Name: WeatherData; Type: TABLE DATA; Schema: aems; Owner: aems
--

COPY "WeatherData" (id, meter, "timestamp", temperature, humidity) FROM stdin;
1	AT00000000000000000005555	2017-06-15 00:00:00	25.00	56.00
\.


--
-- TOC entry 2361 (class 0 OID 0)
-- Dependencies: 211
-- Name: amn_seq; Type: SEQUENCE SET; Schema: aems; Owner: aems
--

SELECT pg_catalog.setval('amn_seq', 10, true);


--
-- TOC entry 2362 (class 0 OID 0)
-- Dependencies: 188
-- Name: user_seq; Type: SEQUENCE SET; Schema: aems; Owner: aems
--

SELECT pg_catalog.setval('user_seq', 219, true);


SET search_path = sqlj, pg_catalog;

--
-- TOC entry 2147 (class 0 OID 36971)
-- Dependencies: 191
-- Data for Name: jar_repository; Type: TABLE DATA; Schema: sqlj; Owner: postgres
--

COPY jar_repository  FROM stdin;
27	Util	file:///C:\\Users\\Sebastian\\Desktop\\Util.jar	postgres	Manifest-Version: 1.0\r\n\r\n
31	AEMSUtil	file:///C:\\Users\\Sebastian\\Desktop\\AEMSUtil.jar	postgres	Manifest-Version: 1.0\r\n\r\n
\.


--
-- TOC entry 2150 (class 0 OID 37015)
-- Dependencies: 195
-- Data for Name: classpath_entry; Type: TABLE DATA; Schema: sqlj; Owner: postgres
--

COPY classpath_entry  FROM stdin;
aems	1	31
\.


--
-- TOC entry 2148 (class 0 OID 36984)
-- Dependencies: 193
-- Data for Name: jar_entry; Type: TABLE DATA; Schema: sqlj; Owner: postgres
--

COPY jar_entry  FROM stdin;
26	.classpath	27	\\x3c3f786d6c2076657273696f6e3d22312e302220656e636f64696e673d225554462d38223f3e0d0a3c636c617373706174683e0d0a093c636c61737370617468656e747279206b696e643d227372632220706174683d22737263222f3e0d0a093c636c61737370617468656e747279206b696e643d22636f6e2220706174683d226f72672e65636c697073652e6a64742e6c61756e6368696e672e4a52455f434f4e5441494e45522f6f72672e65636c697073652e6a64742e696e7465726e616c2e64656275672e75692e6c61756e636865722e5374616e64617264564d547970652f4a61766153452d312e38222f3e0d0a093c636c61737370617468656e747279206b696e643d226f75747075742220706174683d2262696e222f3e0d0a3c2f636c617373706174683e0d0a
27	.project	27	\\x3c3f786d6c2076657273696f6e3d22312e302220656e636f64696e673d225554462d38223f3e0d0a3c70726f6a6563744465736372697074696f6e3e0d0a093c6e616d653e41454d535574696c4c69623c2f6e616d653e0d0a093c636f6d6d656e743e3c2f636f6d6d656e743e0d0a093c70726f6a656374733e0d0a093c2f70726f6a656374733e0d0a093c6275696c64537065633e0d0a09093c6275696c64436f6d6d616e643e0d0a0909093c6e616d653e6f72672e65636c697073652e6a64742e636f72652e6a6176616275696c6465723c2f6e616d653e0d0a0909093c617267756d656e74733e0d0a0909093c2f617267756d656e74733e0d0a09093c2f6275696c64436f6d6d616e643e0d0a093c2f6275696c64537065633e0d0a093c6e6174757265733e0d0a09093c6e61747572653e6f72672e65636c697073652e6a64742e636f72652e6a6176616e61747572653c2f6e61747572653e0d0a093c2f6e6174757265733e0d0a3c2f70726f6a6563744465736372697074696f6e3e0d0a
28	at/htlgkr/aems/util/crypto/Encrypter.class	27	\\xcafebabe00000034003a07000201002461742f68746c676b722f61656d732f7574696c2f63727970746f2f456e637279707465720700040100106a6176612f6c616e672f4f626a6563740100063c696e69743e010003282956010004436f64650a000300090c0005000601000f4c696e654e756d6265725461626c650100124c6f63616c5661726961626c655461626c65010004746869730100264c61742f68746c676b722f61656d732f7574696c2f63727970746f2f456e637279707465723b01001172657175657374456e6372797074696f6e010008285b425b42295b4201000a457863657074696f6e730700120100266a617661782f63727970746f2f496c6c6567616c426c6f636b53697a65457863657074696f6e0700140100206a617661782f63727970746f2f42616450616464696e67457863657074696f6e0700160100216a6176612f73656375726974792f496e76616c69644b6579457863657074696f6e0700180100266a6176612f73656375726974792f4e6f53756368416c676f726974686d457863657074696f6e07001a0100236a617661782f63727970746f2f4e6f5375636850616464696e67457863657074696f6e07001c01001f6a617661782f63727970746f2f737065632f5365637265744b65795370656308001e0100034145530a001b00200c00050021010017285b424c6a6176612f6c616e672f537472696e673b29560a002300250700240100136a617661782f63727970746f2f4369706865720c0026002701000b676574496e7374616e6365010029284c6a6176612f6c616e672f537472696e673b294c6a617661782f63727970746f2f4369706865723b0a002300290c002a002b010004696e697401001728494c6a6176612f73656375726974792f4b65793b29560a0023002d0c002e002f010007646f46696e616c010006285b42295b420100036b65790100025b420100037261770100086b657942797465730100134c6a6176612f73656375726974792f4b65793b0100066369706865720100154c6a617661782f63727970746f2f4369706865723b010009656e6372797074656401000a536f7572636546696c6501000e456e637279707465722e6a617661002100010003000000000002000100050006000100070000002f00010001000000052ab70008b100000002000a00000006000100000017000b0000000c000100000005000c000d00000009000e000f000200100000000c0005001100130015001700190007000000830004000500000021bb001b592a121db7001f4d121db800224e2d042cb600282d2bb6002c3a041904b000000002000a00000016000500000025000b00260011002700170028001e0029000b0000003400050000002100300031000000000021003200310001000b001600330034000200110010003500360003001e000300370031000400010038000000020039
29	at/htlgkr/aems/util/crypto/Encrypter.java	27	\\x7061636b6167652061742e68746c676b722e61656d732e7574696c2e63727970746f3b0d0a0d0a696d706f7274206a6176612e73656375726974792e496e76616c69644b6579457863657074696f6e3b0d0a696d706f7274206a6176612e73656375726974792e4b65793b0d0a696d706f7274206a6176612e73656375726974792e4e6f53756368416c676f726974686d457863657074696f6e3b0d0a0d0a696d706f7274206a617661782e63727970746f2e42616450616464696e67457863657074696f6e3b0d0a696d706f7274206a617661782e63727970746f2e4369706865723b0d0a696d706f7274206a617661782e63727970746f2e496c6c6567616c426c6f636b53697a65457863657074696f6e3b0d0a696d706f7274206a617661782e63727970746f2e4e6f5375636850616464696e67457863657074696f6e3b0d0a696d706f7274206a617661782e63727970746f2e737065632e5365637265744b6579537065633b0d0a0d0a2f2a2a0d0a202a205468697320636c6173732070726f766964657320656e6372797074696f6e2066756e6374696f6e616c6974792e0d0a202a20497420656e637279707473207573696e67207468652041455320416c676f726974686d2e0d0a202a200d0a202a205468697320636c6173732077696c6c206265207573656420617420636c69656e7420736964652061732077656c6c20617320617420736572766572207369646520616e6420646174616261736520736964652e0d0a202a2040617574686f722053656261737469616e0d0a202a204073696e63652032382d30372d323031370d0a202a204076657273696f6e20312e300d0a202a200d0a202a2f0d0a7075626c696320636c61737320456e63727970746572207b0d0a0d0a092f2a2a0d0a09202a20546869732066756e6374696f6e206973207574696c697a656420746f20656e6372797074207261772062797465732077697468204145532e0d0a09202a2040706172616d206b6579202d20746865206b657920666f726d6174746564206163636f7264696e6720746f204145530d0a09202a2040706172616d20726177202d2074686520726177206279746573207768696368207368656c6c20626520656e637279707465640d0a09202a204072657475726e2074686520656e6372797074656420627974652061727261792076657273696f6e206f66207468652072617720627974652061727261792070617373656420696e746f20746869732066756e6374696f6e2e0d0a09202a20407468726f777320496c6c6567616c426c6f636b53697a65457863657074696f6e202d2069662074686520626c6f636b2073697a65206973206e6f742061206d756c7469706c65206f6620746865206b6579206c656e6774680d0a09202a20407468726f77732042616450616464696e67457863657074696f6e202d206966207468652070616464696e67206f662074686520656e6372797074656420627974657320697320696e76616c69640d0a09202a20407468726f777320496e76616c69644b6579457863657074696f6e202d20696620746865206b6579206973206e6f742076616c696420666f72207468652073706563696669656420616c676f7269746d204145530d0a09202a20407468726f7773204e6f53756368416c676f726974686d457863657074696f6e202d207468697320657863657074696f6e2063616e6e6f74206f636375722073696e636520746869732066756e6374696f6e2074616b65732063617265206f662074686520696e74656772697479206f662074686520656e6372797074696f6e2066756e6374696f6e616c6974792e0d0a09202a20407468726f7773204e6f5375636850616464696e67457863657074696f6e202d206966207468652070616464696e67206973206e6f742070726f7065720d0a09202a2f0d0a097075626c69632073746174696320627974655b5d2072657175657374456e6372797074696f6e28627974655b5d206b65792c20627974655b5d2072617729207468726f777320496c6c6567616c426c6f636b53697a65457863657074696f6e2c2042616450616464696e67457863657074696f6e2c20496e76616c69644b6579457863657074696f6e2c204e6f53756368416c676f726974686d457863657074696f6e2c204e6f5375636850616464696e67457863657074696f6e207b0d0a09094b6579206b65794279746573203d206e6577205365637265744b657953706563286b65792c202241455322293b0d0a090943697068657220636970686572203d204369706865722e676574496e7374616e6365282241455322293b0d0a09096369706865722e696e6974284369706865722e454e43525950545f4d4f44452c206b65794279746573293b0d0a0909627974655b5d20656e63727970746564203d206369706865722e646f46696e616c28726177293b0d0a090972657475726e20656e637279707465643b0d0a097d0d0a090d0a7d0d0a
30	at/htlgkr/aems/util/crypto/Decrypter.class	27	\\xcafebabe00000034003a07000201002461742f68746c676b722f61656d732f7574696c2f63727970746f2f4465637279707465720700040100106a6176612f6c616e672f4f626a6563740100063c696e69743e010003282956010004436f64650a000300090c0005000601000f4c696e654e756d6265725461626c650100124c6f63616c5661726961626c655461626c65010004746869730100264c61742f68746c676b722f61656d732f7574696c2f63727970746f2f4465637279707465723b0100117265717565737444656372797074696f6e010008285b425b42295b4201000a457863657074696f6e730700120100266a617661782f63727970746f2f496c6c6567616c426c6f636b53697a65457863657074696f6e0700140100206a617661782f63727970746f2f42616450616464696e67457863657074696f6e0700160100216a6176612f73656375726974792f496e76616c69644b6579457863657074696f6e0700180100266a6176612f73656375726974792f4e6f53756368416c676f726974686d457863657074696f6e07001a0100236a617661782f63727970746f2f4e6f5375636850616464696e67457863657074696f6e07001c01001f6a617661782f63727970746f2f737065632f5365637265744b65795370656308001e0100034145530a001b00200c00050021010017285b424c6a6176612f6c616e672f537472696e673b29560a002300250700240100136a617661782f63727970746f2f4369706865720c0026002701000b676574496e7374616e6365010029284c6a6176612f6c616e672f537472696e673b294c6a617661782f63727970746f2f4369706865723b0a002300290c002a002b010004696e697401001728494c6a6176612f73656375726974792f4b65793b29560a0023002d0c002e002f010007646f46696e616c010006285b42295b420100036b65790100025b42010009656e637279707465640100086b657942797465730100134c6a6176612f73656375726974792f4b65793b0100066369706865720100154c6a617661782f63727970746f2f4369706865723b01000964656372797074656401000a536f7572636546696c6501000e4465637279707465722e6a617661002100010003000000000002000100050006000100070000002f00010001000000052ab70008b100000002000a00000006000100000016000b0000000c000100000005000c000d00000009000e000f000200100000000c0005001100130015001700190007000000830004000500000021bb001b592a121db7001f4d121db800224e2d052cb600282d2bb6002c3a041904b000000002000a00000016000500000024000b00250011002600170027001e0028000b0000003400050000002100300031000000000021003200310001000b001600330034000200110010003500360003001e000300370031000400010038000000020039
31	at/htlgkr/aems/util/crypto/Decrypter.java	27	\\x7061636b6167652061742e68746c676b722e61656d732e7574696c2e63727970746f3b0d0a0d0a696d706f7274206a6176612e73656375726974792e496e76616c69644b6579457863657074696f6e3b0d0a696d706f7274206a6176612e73656375726974792e4b65793b0d0a696d706f7274206a6176612e73656375726974792e4e6f53756368416c676f726974686d457863657074696f6e3b0d0a0d0a696d706f7274206a617661782e63727970746f2e42616450616464696e67457863657074696f6e3b0d0a696d706f7274206a617661782e63727970746f2e4369706865723b0d0a696d706f7274206a617661782e63727970746f2e496c6c6567616c426c6f636b53697a65457863657074696f6e3b0d0a696d706f7274206a617661782e63727970746f2e4e6f5375636850616464696e67457863657074696f6e3b0d0a696d706f7274206a617661782e63727970746f2e737065632e5365637265744b6579537065633b0d0a0d0a2f2a2a0d0a202a205468697320636c6173732070726f76696465732064656372797074696f6e2066756e6374696f6e616c6974792e0d0a202a204974206465637279707473207573696e67207468652041455320616c676f726974686d2e0d0a202a200d0a202a205468697320636c6173732077696c6c206265207573656420617420636c69656e7420736964652061732077656c6c20617320617420736572766572207369646520616e6420646174616261736520736964652e0d0a202a2040617574686f722053656261737469616e0d0a202a204073696e63652032352d30372d323031370d0a202a204076657273696f6e20312e300d0a202a2f0d0a7075626c696320636c61737320446563727970746572207b0d0a0d0a092f2a2a0d0a09202a20546869732066756e6374696f6e206973207574696c697a656420746f2064656372797074207072696f7220656e637279707465642062797465732077697468204145532e0d0a09202a2040706172616d206b6579202d20746865206b657920666f726d6174746564206163636f7264696e6720746f204145530d0a09202a2040706172616d20656e63727970746564202d2074686520656e63727970746564206279746573207768696368207368656c6c206265206465637279707465640d0a09202a204072657475726e207468652064656372797074656420627974652061727261792076657273696f6e206f662074686520656e6372797074656420627974652061727261792070617373656420696e746f20746869732066756e6374696f6e2e0d0a09202a20407468726f777320496c6c6567616c426c6f636b53697a65457863657074696f6e202d2069662074686520626c6f636b2073697a65206973206e6f742061206d756c7469706c65206f6620746865206b6579206c656e6774680d0a09202a20407468726f77732042616450616464696e67457863657074696f6e202d206966207468652070616464696e67206f662074686520656e6372797074656420627974657320697320696e76616c69640d0a09202a20407468726f777320496e76616c69644b6579457863657074696f6e202d20696620746865206b6579206973206e6f742076616c696420666f72207468652073706563696669656420616c676f7269746d204145530d0a09202a20407468726f7773204e6f53756368416c676f726974686d457863657074696f6e202d207468697320657863657074696f6e2063616e6e6f74206f636375722073696e636520746869732066756e6374696f6e2074616b65732063617265206f662074686520696e74656772697479206f66207468652064656372797074696f6e2066756e6374696f6e616c6974792e0d0a09202a20407468726f7773204e6f5375636850616464696e67457863657074696f6e202d206966207468652070616464696e67206973206e6f742070726f7065720d0a09202a2f0d0a097075626c69632073746174696320627974655b5d207265717565737444656372797074696f6e28627974655b5d206b65792c20627974655b5d20656e6372797074656429207468726f777320496c6c6567616c426c6f636b53697a65457863657074696f6e2c2042616450616464696e67457863657074696f6e2c20496e76616c69644b6579457863657074696f6e2c204e6f53756368416c676f726974686d457863657074696f6e2c204e6f5375636850616464696e67457863657074696f6e207b0d0a09094b6579206b65794279746573203d206e6577205365637265744b657953706563286b65792c202241455322293b0d0a090943697068657220636970686572203d204369706865722e676574496e7374616e6365282241455322293b0d0a09096369706865722e696e6974284369706865722e444543525950545f4d4f44452c206b65794279746573293b0d0a0909627974655b5d20646563727970746564203d206369706865722e646f46696e616c28656e63727970746564293b0d0a090972657475726e206465637279707465643b0d0a097d0d0a090d0a7d0d0a
32	at/htlgkr/aems/util/key/DiffieHellmanProcedure.class	27	\\xcafebabe00000034002907000201002e61742f68746c676b722f61656d732f7574696c2f6b65792f44696666696548656c6c6d616e50726f6365647572650700040100106a6176612f6c616e672f4f626a6563740100063c696e69743e010003282956010004436f64650a000300090c0005000601000f4c696e654e756d6265725461626c650100124c6f63616c5661726961626c655461626c65010004746869730100304c61742f68746c676b722f61656d732f7574696c2f6b65792f44696666696548656c6c6d616e50726f6365647572653b010007636f6d7075746501005a284c6a6176612f6d6174682f426967446563696d616c3b4c6a6176612f6d6174682f426967446563696d616c3b4c6a6176612f6d6174682f426967446563696d616c3b294c6a6176612f6d6174682f426967446563696d616c3b0a001100130700120100146a6176612f6d6174682f426967446563696d616c0c00140015010008696e7456616c75650100032829490a001100170c00180019010003706f770100192849294c6a6176612f6d6174682f426967446563696d616c3b07001b0100156a6176612f6d6174682f4d617468436f6e746578740a001a001d0c0005001e010004284929560a001100200c0021002201000972656d61696e646572010045284c6a6176612f6d6174682f426967446563696d616c3b4c6a6176612f6d6174682f4d617468436f6e746578743b294c6a6176612f6d6174682f426967446563696d616c3b010004626173650100164c6a6176612f6d6174682f426967446563696d616c3b0100036d6f6401000673656372657401000a536f7572636546696c6501001b44696666696548656c6c6d616e50726f6365647572652e6a617661002100010003000000000002000100050006000100070000002f00010001000000052ab70008b100000002000a0000000600010000000d000b0000000c000100000005000c000d00000009000e000f000100070000005300050003000000152a2cb60010b600162bbb001a5903b7001cb6001fb000000002000a00000006000100000017000b00000020000300000015002300240000000000150025002400010000001500260024000200010027000000020028
33	at/htlgkr/aems/util/key/DiffieHellmanProcedure.java	27	\\x7061636b6167652061742e68746c676b722e61656d732e7574696c2e6b65793b0d0a0d0a696d706f7274206a6176612e6d6174682e426967446563696d616c3b0d0a696d706f7274206a6176612e6d6174682e4d617468436f6e746578743b0d0a0d0a2f2a2a0d0a202a205468697320636c61737320697320757365642077697468696e2074686520646174616261736520746f20636f6d7075746520746865206b65792e0d0a202a205468697320636c6173732069732072657175697265642064756520746f2074686520726561736f6e206f6620707265636973696f6e20646966666572656e6365206265747765656e200d0a202a2070726f6772616d6d696e67206c616e6775616765732e204265666f7265207468697320636c6173732077617320696d706c656d656e7465642074686579206b65797320776572656e277420616c776179730d0a202a2067656e6572617465642077697468207468652073616d6520707265636973696f6e2074687573206e6f7420657175616c20616674657220636f6d7075746174696f6e2e0d0a202a2040617574686f722053656261737469616e0d0a202a2f0d0a7075626c696320636c6173732044696666696548656c6c6d616e50726f636564757265207b0d0a0d0a092f2a2a0d0a09202a20546869732066756e6374696f6e2077696c6c206265207574696c697a6564206279207468652064617461626173652e0d0a09202a2040706172616d2062617365202d207468652062617365206e756d62657220757375616c6c79206265747765656e20313120616e6420313920286561636820696e636c75736976656c79290d0a09202a2040706172616d206d6f64202d20746865206d6f64756c7573206e756d626572207768696368206973207479706963616c6c7920612073747570656e646f75736c792068696768206e756d6265720d0a09202a2040706172616d20736563726574202d2074686520736563726574206e756d62657220776869636820697320637573746f6d6172696c79206265747765656e20313120616e6420313920286561636820696e636c75736976656c79290d0a09202a204072657475726e202d2074686520636f6d7075746174696f6e20726573756c7420726570726573656e74696e67206569746865722074686520636f6d62696e6174696f6e206f722074686520646566696e6974697665206b65790d0a09202a2f0d0a097075626c69632073746174696320426967446563696d616c20636f6d7075746528426967446563696d616c20626173652c20426967446563696d616c206d6f642c20426967446563696d616c2073656372657429207b0d0a090972657475726e20626173652e706f77287365637265742e696e7456616c75652829292e72656d61696e646572286d6f642c206e6577204d617468436f6e74657874283029293b0d0a097d0d0a090d0a7d0d0a
34	at/htlgkr/aems/util/logger/Logger$LogType.class	27	\\xcafebabe00000034003607000201002961742f68746c676b722f61656d732f7574696c2f6c6f676765722f4c6f67676572244c6f675479706507000401000e6a6176612f6c616e672f456e756d010004494e464f01002b4c61742f68746c676b722f61656d732f7574696c2f6c6f676765722f4c6f67676572244c6f67547970653b0100075741524e494e470100054552524f5201000b454e554d2456414c55455301002c5b4c61742f68746c676b722f61656d732f7574696c2f6c6f676765722f4c6f67676572244c6f67547970653b0100083c636c696e69743e010003282956010004436f64650800050a000100100c001100120100063c696e69743e010016284c6a6176612f6c616e672f537472696e673b49295609000100140c0005000608000709000100170c00070006080008090001001a0c00080006090001001c0c0009000a01000f4c696e654e756d6265725461626c650100124c6f63616c5661726961626c655461626c650a000300100100047468697301000676616c75657301002e28295b4c61742f68746c676b722f61656d732f7574696c2f6c6f676765722f4c6f67676572244c6f67547970653b0a002400260700250100106a6176612f6c616e672f53797374656d0c002700280100096172726179636f707901002a284c6a6176612f6c616e672f4f626a6563743b494c6a6176612f6c616e672f4f626a6563743b4949295601000776616c75654f6601003f284c6a6176612f6c616e672f537472696e673b294c61742f68746c676b722f61656d732f7574696c2f6c6f676765722f4c6f67676572244c6f67547970653b0a0003002c0c0029002d010035284c6a6176612f6c616e672f436c6173733b4c6a6176612f6c616e672f537472696e673b294c6a6176612f6c616e672f456e756d3b01000a536f7572636546696c6501000b4c6f676765722e6a6176610100095369676e617475726501003d4c6a6176612f6c616e672f456e756d3c4c61742f68746c676b722f61656d732f7574696c2f6c6f676765722f4c6f67676572244c6f67547970653b3e3b01000c496e6e6572436c617373657307003401002161742f68746c676b722f61656d732f7574696c2f6c6f676765722f4c6f676765720100074c6f675479706540310001000300000004401900050006000040190007000600004019000800060000101a0009000a000000040008000b000c0001000d000000650004000000000041bb000159120e03b7000fb30013bb000159121504b7000fb30016bb000159121805b7000fb3001906bd00015903b20013535904b20016535905b2001953b3001bb100000002001d0000000a00020000001800270017001e0000000200000002001100120001000d0000003100030003000000072a2b1cb7001fb100000002001d00000006000100000017001e0000000c0001000000070020000600000009002100220001000d000000360005000300000016b2001b594b032abe593cbd0001594d031bb800232cb000000002001d00000006000100000001001e00000002000000090029002a0001000d0000002a000200010000000a12012ab8002bc00001b000000002001d00000006000100000001001e0000000200000003002e00000002002f003000000002003100320000000a00010001003300354019
35	at/htlgkr/aems/util/logger/Logger.class	27	\\xcafebabe00000034008207000201002161742f68746c676b722f61656d732f7574696c2f6c6f676765722f4c6f676765720700040100106a6176612f6c616e672f4f626a6563740100063c696e69743e010003282956010004436f64650a000300090c0005000601000f4c696e654e756d6265725461626c650100124c6f63616c5661726961626c655461626c65010004746869730100234c61742f68746c676b722f61656d732f7574696c2f6c6f676765722f4c6f676765723b01000c67657454696d657374616d7001001428294c6a6176612f6c616e672f537472696e673b0a001100130700120100126a6176612f7574696c2f43616c656e6461720c0014001501000b676574496e7374616e636501001628294c6a6176612f7574696c2f43616c656e6461723b0a001700190700180100106a6176612f6c616e672f53797374656d0c001a001b01001163757272656e7454696d654d696c6c697301000328294a0a0011001d0c001e001f01000f73657454696d65496e4d696c6c6973010004284a29560a001100210c00220023010003676574010004284929490700250100176a6176612f6c616e672f537472696e674275696c646572080027010001300a002400290c0005002a010015284c6a6176612f6c616e672f537472696e673b29560a0024002c0c002d002e010006617070656e6401001c2849294c6a6176612f6c616e672f537472696e674275696c6465723b0a002400300c0031000f010008746f537472696e670a003300350700340100106a6176612f6c616e672f537472696e670c0036003701000776616c75654f660100152849294c6a6176612f6c616e672f537472696e673b0800390100015b0a0024003b0c002d003c01002d284c6a6176612f6c616e672f537472696e673b294c6a6176612f6c616e672f537472696e674275696c6465723b08003e0100013a0800400100015d010001630100144c6a6176612f7574696c2f43616c656e6461723b010005686f7572730100124c6a6176612f6c616e672f537472696e673b0100076d696e757465730100077365636f6e647301000d537461636b4d61705461626c650100036c6f67010040284c61742f68746c676b722f61656d732f7574696c2f6c6f676765722f4c6f67676572244c6f67547970653b4c6a6176612f6c616e672f537472696e673b295607004b0100166a6176612f6c616e672f537472696e674275666665720a004a00090a004a004e0c002d004f01002c284c6a6176612f6c616e672f537472696e673b294c6a6176612f6c616e672f537472696e674275666665723b0a004a00510c002d005201002c284c6a6176612f6c616e672f4f626a6563743b294c6a6176612f6c616e672f537472696e674275666665723b0a000100540c000e000f0a005600580700570100106a6176612f6c616e672f5468726561640c0059005a01000d63757272656e7454687265616401001428294c6a6176612f6c616e672f5468726561643b0a0056005c0c005d005e01000d676574537461636b547261636501002028295b4c6a6176612f6c616e672f537461636b5472616365456c656d656e743b0a0060006207006101001b6a6176612f6c616e672f537461636b5472616365456c656d656e740c0063000f01000c676574436c6173734e616d650a006000650c0066000f01000d6765744d6574686f644e616d65080068010004202d3e20090017006a0c006b006c0100036f75740100154c6a6176612f696f2f5072696e7453747265616d3b0a004a00300a006f00710700700100136a6176612f696f2f5072696e7453747265616d0c0072002a0100077072696e746c6e0100047479706501002b4c61742f68746c676b722f61656d732f7574696c2f6c6f676765722f4c6f67676572244c6f67547970653b0100036d73670100066275666665720100184c6a6176612f6c616e672f537472696e674275666665723b010008656c656d656e747301001e5b4c6a6176612f6c616e672f537461636b5472616365456c656d656e743b010009636c6173734e616d6501000a6d6574686f644e616d6501000a536f7572636546696c6501000b4c6f676765722e6a61766101000c496e6e6572436c617373657307008001002961742f68746c676b722f61656d732f7574696c2f6c6f676765722f4c6f67676572244c6f67547970650100074c6f6754797065002100010003000000000003000100050006000100070000002f00010001000000052ab70008b100000002000a0000000600010000000b000b0000000c000100000005000c000d0000000a000e000f000100070000013c00030004000000bab800104b2ab80016b6001c2a100ab60020100aa2001bbb0024591226b700282a100ab60020b6002bb6002fa7000c2a100ab60020b800324c2a100cb60020100aa2001bbb0024591226b700282a100cb60020b6002bb6002fa7000c2a100cb60020b800324d2a100db60020100aa2001bbb0024591226b700282a100db60020b6002bb6002fa7000c2a100db60020b800324ebb0024591238b700282bb6003a123db6003a2cb6003a123db6003a2db6003a123fb6003ab6002fb000000003000a0000001a00060000000e0004000f000b0010003800110065001200920014000b0000002a0004000400b60041004200000038008200430044000100650055004500440002009200280046004400030047000000200006fc002e07001148070033fc002307003348070033fc00230700334807003300090048004900010007000000f3000200060000006fbb004a59b7004c4d2c1238b6004d2ab60050123fb6004d572cb80053b6004d57b80055b6005b4e2d0532b6005f3a042d0532b600643a052c1238b6004d1904b6004d123fb6004d572c1238b6004d1905b6004d123fb6004d572c1267b6004d2bb6004d57b200692cb6006db6006eb100000002000a0000002e000b0000001c0008001e0018001f0020002100270022002f002300370024004800250059002600640028006e0029000b0000003e00060000006f0073007400000000006f0075004400010008006700760077000200270048007800790003002f0040007a0044000400370038007b004400050002007c00000002007d007e0000000a0001007f000100814019
36	at/htlgkr/aems/util/logger/Logger.java	27	\\x7061636b6167652061742e68746c676b722e61656d732e7574696c2e6c6f676765723b0d0a0d0a696d706f7274206a6176612e7574696c2e43616c656e6461723b0d0a0d0a2f2a2a0d0a202a205468697320636c6173732073696d706c696669657320746865206c6f6767696e672070726f636573732e0d0a202a2040617574686f722053656261737469616e0d0a202a204073696e63652031372e30372e323031370d0a202a204076657273696f6e20312e300d0a202a2f0d0a7075626c696320636c617373204c6f67676572207b0d0a0d0a09707269766174652073746174696320537472696e672067657454696d657374616d702829207b0d0a090943616c656e6461722063203d2043616c656e6461722e676574496e7374616e636528293b0d0a0909632e73657454696d65496e4d696c6c69732853797374656d2e63757272656e7454696d654d696c6c69732829293b0d0a0909537472696e6720686f757273203d20632e6765742843616c656e6461722e484f555229203c203130203f20223022202b20632e6765742843616c656e6461722e484f555229203a20537472696e672e76616c75654f6628632e6765742843616c656e6461722e484f555229293b0d0a0909537472696e67206d696e75746573203d20632e6765742843616c656e6461722e4d494e55544529203c203130203f20223022202b20632e6765742843616c656e6461722e4d494e55544529203a20537472696e672e76616c75654f6628632e6765742843616c656e6461722e4d494e55544529293b0d0a0909537472696e67207365636f6e6473203d20632e6765742843616c656e6461722e5345434f4e4429203c203130203f20223022202b20632e6765742843616c656e6461722e5345434f4e4429203a20537472696e672e76616c75654f6628632e6765742843616c656e6461722e5345434f4e4429293b0d0a09090d0a090972657475726e20225b22202b20686f757273202b20223a22202b206d696e75746573202b20223a22202b207365636f6e6473202b20225d223b0d0a097d0d0a090d0a097075626c69632073746174696320656e756d204c6f6754797065207b0d0a0909494e464f2c205741524e494e472c204552524f523b0d0a097d0d0a090d0a097075626c69632073746174696320766f6964206c6f67284c6f675479706520747970652c20537472696e67206d736729207b0d0a0909537472696e6742756666657220627566666572203d206e657720537472696e6742756666657228293b0d0a09090d0a09096275666665722e617070656e6428225b22292e617070656e642874797065292e617070656e6428225d22293b0d0a09096275666665722e617070656e642867657454696d657374616d702829293b0d0a09090d0a0909537461636b5472616365456c656d656e745b5d20656c656d656e7473203d205468726561642e63757272656e7454687265616428292e676574537461636b547261636528293b0d0a0909537472696e6720636c6173734e616d65203d20656c656d656e74735b325d2e676574436c6173734e616d6528293b202f2f206765742063616c6c657220636c6173730d0a0909537472696e67206d6574686f644e616d65203d20656c656d656e74735b325d2e6765744d6574686f644e616d6528293b202f2f206765742063616c6c6572206d6574686f640d0a09096275666665722e617070656e6428225b22292e617070656e6428636c6173734e616d65292e617070656e6428225d22293b0d0a09096275666665722e617070656e6428225b22292e617070656e64286d6574686f644e616d65292e617070656e6428225d22293b0d0a09096275666665722e617070656e642822202d3e2022292e617070656e64286d7367293b0d0a09090d0a090953797374656d2e6f75742e7072696e746c6e286275666665722e746f537472696e672829293b0d0a097d0d0a090d0a7d0d0a
72	pom.xml	31	\\x3c70726f6a65637420786d6c6e733d22687474703a2f2f6d6176656e2e6170616368652e6f72672f504f4d2f342e302e302220786d6c6e733a7873693d22687474703a2f2f7777772e77332e6f72672f323030312f584d4c536368656d612d696e7374616e6365220d0a097873693a736368656d614c6f636174696f6e3d22687474703a2f2f6d6176656e2e6170616368652e6f72672f504f4d2f342e302e3020687474703a2f2f6d6176656e2e6170616368652e6f72672f7873642f6d6176656e2d342e302e302e787364223e0d0a093c6d6f64656c56657273696f6e3e342e302e303c2f6d6f64656c56657273696f6e3e0d0a093c67726f757049643e41454d535574696c4c69623c2f67726f757049643e0d0a093c617274696661637449643e41454d535574696c4c69623c2f617274696661637449643e0d0a093c76657273696f6e3e302e302e312d534e415053484f543c2f76657273696f6e3e0d0a093c6275696c643e0d0a09093c736f757263654469726563746f72793e7372633c2f736f757263654469726563746f72793e0d0a09093c706c7567696e733e0d0a0909093c706c7567696e3e0d0a090909093c617274696661637449643e6d6176656e2d636f6d70696c65722d706c7567696e3c2f617274696661637449643e0d0a090909093c76657273696f6e3e332e352e313c2f76657273696f6e3e0d0a090909093c636f6e66696775726174696f6e3e0d0a09090909093c736f757263653e312e383c2f736f757263653e0d0a09090909093c7461726765743e312e383c2f7461726765743e0d0a090909093c2f636f6e66696775726174696f6e3e0d0a0909093c2f706c7567696e3e0d0a09093c2f706c7567696e733e0d0a093c2f6275696c643e0d0a0d0a093c646570656e64656e636965733e0d0a09093c212d2d2068747470733a2f2f6d766e7265706f7369746f72792e636f6d2f61727469666163742f6f72672e6a736f6e2f6a736f6e202d2d3e0d0a09093c646570656e64656e63793e0d0a0909093c67726f757049643e6f72672e6a736f6e3c2f67726f757049643e0d0a0909093c617274696661637449643e6a736f6e3c2f617274696661637449643e0d0a0909093c76657273696f6e3e32303137303531363c2f76657273696f6e3e0d0a09093c2f646570656e64656e63793e0d0a093c2f646570656e64656e636965733e0d0a3c2f70726f6a6563743e
73	at/htlgkr/aems/util/crypto/Encrypter.class	31	\\xcafebabe00000034003a07000201002461742f68746c676b722f61656d732f7574696c2f63727970746f2f456e637279707465720700040100106a6176612f6c616e672f4f626a6563740100063c696e69743e010003282956010004436f64650a000300090c0005000601000f4c696e654e756d6265725461626c650100124c6f63616c5661726961626c655461626c65010004746869730100264c61742f68746c676b722f61656d732f7574696c2f63727970746f2f456e637279707465723b01001172657175657374456e6372797074696f6e010008285b425b42295b4201000a457863657074696f6e730700120100266a617661782f63727970746f2f496c6c6567616c426c6f636b53697a65457863657074696f6e0700140100206a617661782f63727970746f2f42616450616464696e67457863657074696f6e0700160100216a6176612f73656375726974792f496e76616c69644b6579457863657074696f6e0700180100266a6176612f73656375726974792f4e6f53756368416c676f726974686d457863657074696f6e07001a0100236a617661782f63727970746f2f4e6f5375636850616464696e67457863657074696f6e07001c01001f6a617661782f63727970746f2f737065632f5365637265744b65795370656308001e0100034145530a001b00200c00050021010017285b424c6a6176612f6c616e672f537472696e673b29560a002300250700240100136a617661782f63727970746f2f4369706865720c0026002701000b676574496e7374616e6365010029284c6a6176612f6c616e672f537472696e673b294c6a617661782f63727970746f2f4369706865723b0a002300290c002a002b010004696e697401001728494c6a6176612f73656375726974792f4b65793b29560a0023002d0c002e002f010007646f46696e616c010006285b42295b420100036b65790100025b420100037261770100086b657942797465730100134c6a6176612f73656375726974792f4b65793b0100066369706865720100154c6a617661782f63727970746f2f4369706865723b010009656e6372797074656401000a536f7572636546696c6501000e456e637279707465722e6a617661002100010003000000000002000100050006000100070000002f00010001000000052ab70008b100000002000a00000006000100000017000b0000000c000100000005000c000d00000009000e000f000200100000000c0005001100130015001700190007000000830004000500000021bb001b592a121db7001f4d121db800224e2d042cb600282d2bb6002c3a041904b000000002000a00000016000500000025000b00260011002700170028001e0029000b0000003400050000002100300031000000000021003200310001000b001600330034000200110010003500360003001e000300370031000400010038000000020039
74	at/htlgkr/aems/util/crypto/Decrypter.class	31	\\xcafebabe00000034003a07000201002461742f68746c676b722f61656d732f7574696c2f63727970746f2f4465637279707465720700040100106a6176612f6c616e672f4f626a6563740100063c696e69743e010003282956010004436f64650a000300090c0005000601000f4c696e654e756d6265725461626c650100124c6f63616c5661726961626c655461626c65010004746869730100264c61742f68746c676b722f61656d732f7574696c2f63727970746f2f4465637279707465723b0100117265717565737444656372797074696f6e010008285b425b42295b4201000a457863657074696f6e730700120100266a617661782f63727970746f2f496c6c6567616c426c6f636b53697a65457863657074696f6e0700140100206a617661782f63727970746f2f42616450616464696e67457863657074696f6e0700160100216a6176612f73656375726974792f496e76616c69644b6579457863657074696f6e0700180100266a6176612f73656375726974792f4e6f53756368416c676f726974686d457863657074696f6e07001a0100236a617661782f63727970746f2f4e6f5375636850616464696e67457863657074696f6e07001c01001f6a617661782f63727970746f2f737065632f5365637265744b65795370656308001e0100034145530a001b00200c00050021010017285b424c6a6176612f6c616e672f537472696e673b29560a002300250700240100136a617661782f63727970746f2f4369706865720c0026002701000b676574496e7374616e6365010029284c6a6176612f6c616e672f537472696e673b294c6a617661782f63727970746f2f4369706865723b0a002300290c002a002b010004696e697401001728494c6a6176612f73656375726974792f4b65793b29560a0023002d0c002e002f010007646f46696e616c010006285b42295b420100036b65790100025b42010009656e637279707465640100086b657942797465730100134c6a6176612f73656375726974792f4b65793b0100066369706865720100154c6a617661782f63727970746f2f4369706865723b01000964656372797074656401000a536f7572636546696c6501000e4465637279707465722e6a617661002100010003000000000002000100050006000100070000002f00010001000000052ab70008b100000002000a00000006000100000016000b0000000c000100000005000c000d00000009000e000f000200100000000c0005001100130015001700190007000000830004000500000021bb001b592a121db7001f4d121db800224e2d052cb600282d2bb6002c3a041904b000000002000a00000016000500000024000b00250011002600170027001e0028000b0000003400050000002100300031000000000021003200310001000b001600330034000200110010003500360003001e000300370031000400010038000000020039
75	at/htlgkr/aems/util/crypto/KeyUtils.class	31	\\xcafebabe00000034002c07000201002361742f68746c676b722f61656d732f7574696c2f63727970746f2f4b65795574696c730700040100106a6176612f6c616e672f4f626a6563740100063c696e69743e010003282956010004436f64650a000300090c0005000601000f4c696e654e756d6265725461626c650100124c6f63616c5661726961626c655461626c65010004746869730100254c61742f68746c676b722f61656d732f7574696c2f63727970746f2f4b65795574696c733b01000473616c74010052284c6a6176612f6d6174682f426967446563696d616c3b4c6a6176612f6c616e672f537472696e673b4c6a6176612f6c616e672f537472696e673b294c6a6176612f6d6174682f426967446563696d616c3b0700110100146a6176612f6d6174682f426967446563696d616c0a0013001507001401002561742f68746c676b722f61656d732f7574696c2f68617368636f64652f48617368436f64650c0016001701000b67657448617368436f6465010015284c6a6176612f6c616e672f537472696e673b29490a0019001b07001a0100106a6176612f6c616e672f537472696e670c001c001d01000776616c75654f660100152849294c6a6176612f6c616e672f537472696e673b0a0010001f0c00050020010015284c6a6176612f6c616e672f537472696e673b29560a001000220c002300240100086d756c7469706c7901002e284c6a6176612f6d6174682f426967446563696d616c3b294c6a6176612f6d6174682f426967446563696d616c3b0100036b65790100164c6a6176612f6d6174682f426967446563696d616c3b010008757365726e616d650100124c6a6176612f6c616e672f537472696e673b01000870617373776f726401000a536f7572636546696c6501000d4b65795574696c732e6a617661002100010003000000000002000100050006000100070000002f00010001000000052ab70008b100000002000a00000006000100000007000b0000000c000100000005000c000d00000009000e000f000100070000006e00040003000000282abb0010592bb80012b80018b7001eb600214b2abb0010592cb80012b80018b7001eb600214b2ab000000002000a0000000e00030000000a0013000b0026000c000b0000002000030000002800250026000000000028002700280001000000280029002800020001002a00000002002b
76	at/htlgkr/aems/util/hashcode/HashCode.class	31	\\xcafebabe00000034001a07000201002561742f68746c676b722f61656d732f7574696c2f68617368636f64652f48617368436f64650700040100106a6176612f6c616e672f4f626a6563740100063c696e69743e010003282956010004436f64650a000300090c0005000601000f4c696e654e756d6265725461626c650100124c6f63616c5661726961626c655461626c65010004746869730100274c61742f68746c676b722f61656d732f7574696c2f68617368636f64652f48617368436f64653b01000b67657448617368436f6465010015284c6a6176612f6c616e672f537472696e673b29490a001100130700120100106a6176612f6c616e672f537472696e670c0014001501000868617368436f6465010003282949010001730100124c6a6176612f6c616e672f537472696e673b01000a536f7572636546696c6501000d48617368436f64652e6a617661002100010003000000000002000100050006000100070000002f00010001000000052ab70008b100000002000a00000006000100000003000b0000000c000100000005000c000d00000009000e000f000100070000002f00010001000000052ab60010ac00000002000a00000006000100000006000b0000000c00010000000500160017000000010018000000020019
77	at/htlgkr/aems/util/key/DiffieHellmanProcedure.class	31	\\xcafebabe00000034014b07000201002e61742f68746c676b722f61656d732f7574696c2f6b65792f44696666696548656c6c6d616e50726f6365647572650700040100106a6176612f6c616e672f4f626a656374010016424c4f434b45445f494e45545f4144445245535345530100134c6a6176612f7574696c2f486173684d61703b0100095369676e617475726501003b4c6a6176612f7574696c2f486173684d61703c4c6a6176612f6e65742f496e6574416464726573733b4c6a6176612f6c616e672f4c6f6e673b3e3b01001f41434345535345535f5045525f414444524553535f5045525f4d494e55544501003e4c6a6176612f7574696c2f486173684d61703c4c6a6176612f6e65742f496e6574416464726573733b4c6a6176612f6c616e672f496e74656765723b3e3b010025544f54414c5f41434345535345535f5045525f414444524553535f5045525f4d494e5554450100014901000d436f6e7374616e7456616c756503000000010100127365637265744e756d626572436c69656e740100164c6a6176612f6d6174682f426967446563696d616c3b0100096d6f644e756d62657201000a4b45595f4c454e47544803000000100100105345435245545f544f505f4c494d4954030007a11f0100135345435245545f424f54544f4d5f4c494d4954030003d0ff010012424153455f4e554d4245525f4c454e475448030000003c0100114d4f445f4e554d4245525f4c454e4754480100083c636c696e69743e010003282956010004436f646507001f0100116a6176612f7574696c2f486173684d61700a001e00210c0022001c0100063c696e69743e09000100240c0005000609000100260c000900060700280100146a6176612f6d6174682f426967446563696d616c0a0027002a0c0022002b01000428492956090001002d0c000f0010090001002f0c0011001001000f4c696e654e756d6265725461626c650100124c6f63616c5661726961626c655461626c650a00030021010004746869730100304c61742f68746c676b722f61656d732f7574696c2f6b65792f44696666696548656c6c6d616e50726f6365647572653b010007636f6d7075746501005a284c6a6176612f6d6174682f426967446563696d616c3b4c6a6176612f6d6174682f426967446563696d616c3b4c6a6176612f6d6174682f426967446563696d616c3b294c6a6176612f6d6174682f426967446563696d616c3b0a002700380c0039003a010008696e7456616c75650100032829490a0027003c0c003d003e010003706f770100192849294c6a6176612f6d6174682f426967446563696d616c3b0700400100156a6176612f6d6174682f4d617468436f6e746578740a003f002a0a002700430c0044004501000972656d61696e646572010045284c6a6176612f6d6174682f426967446563696d616c3b4c6a6176612f6d6174682f4d617468436f6e746578743b294c6a6176612f6d6174682f426967446563696d616c3b010004626173650100036d6f6401000673656372657401000e657865727450726f636564757265010030284c61742f68746c676b722f61656d732f64617461626173652f4461746162617365436f6e6e656374696f6e3b295b4201000a457863657074696f6e7307004d0100156a6176612f73716c2f53514c457863657074696f6e08004f0100126765745f7472616e736665725f696e666f730700510100106a6176612f6c616e672f537472696e670a0053005507005401002a61742f68746c676b722f61656d732f64617461626173652f4461746162617365436f6e6e656374696f6e0c0056005701000c63616c6c46756e6374696f6e01004a284c6a6176612f6c616e672f537472696e673b4c6a6176612f6c616e672f436c6173733b5b4c6a6176612f6c616e672f4f626a6563743b294c6a6176612f6c616e672f4f626a6563743b0700590100136f72672f6a736f6e2f4a534f4e4f626a6563740a0058005b0c0022005c010015284c6a6176612f6c616e672f537472696e673b29560800460a0058005f0c0060006101000d676574426967446563696d616c01002a284c6a6176612f6c616e672f537472696e673b294c6a6176612f6d6174682f426967446563696d616c3b08004708006401000b636f6d62696e6174696f6e0700660100106a6176612f7574696c2f52616e646f6d0a006500210a006500690c006a006b0100076e657874496e74010004284929490a0001006d0c0035003608006f0100157665726966795f7472616e736665725f696e666f7307007101000e6a6176612f6c616e672f566f69640a002700730c00740075010008746f537472696e6701001428294c6a6176612f6c616e672f537472696e673b0a005000770c00780079010009737562737472696e67010016284949294c6a6176612f6c616e672f537472696e673b0a0050007b0c007c007d010008676574427974657301000428295b42010003636f6e01002c4c61742f68746c676b722f61656d732f64617461626173652f4461746162617365436f6e6e656374696f6e3b0100046a736f6e0100124c6a6176612f6c616e672f537472696e673b010004696e666f0100154c6f72672f6a736f6e2f4a534f4e4f626a6563743b01000672616e646f6d0100124c6a6176612f7574696c2f52616e646f6d3b01000d6d79436f6d62696e6174696f6e0100036b657901001263726561746552616e646f6d4e756d62657207008a0100166a6176612f6c616e672f537472696e674275666665720a008900210a0089008d0c008e008f010006617070656e6401001b2849294c6a6176612f6c616e672f537472696e674275666665723b0a008900730a0027005b0100066c656e6774680100066275666665720100184c6a6176612f6c616e672f537472696e674275666665723b0100016901000d537461636b4d61705461626c6501000d6765744b657944657461696c730700990100176a6176612f6c616e672f537472696e674275696c6465720a0098002108009c0100017b0a0098009e0c008e009f01002d284c6a6176612f6c616e672f537472696e673b294c6a6176612f6c616e672f537472696e674275696c6465723b0a000100a10c0088003e0800a3010005626173653a0a009800a50c008e00a601002d284c6a6176612f6c616e672f4f626a6563743b294c6a6176612f6c616e672f537472696e674275696c6465723b0a006500a80c006a003a0a002700aa0c00ab00ac0100086d756c7469706c7901002e284c6a6176612f6d6174682f426967446563696d616c3b294c6a6176612f6d6174682f426967446563696d616c3b0800ae0100062c206d6f643a0800b001000e2c20636f6d62696e6174696f6e3a0800b20100017d0a0098007301000652414e444f4d0100076275696c6465720100194c6a6176612f6c616e672f537472696e674275696c6465723b01000a626173654e756d62657201000c7365637265744e756d62657201000c73656e644b6579496e666f73010014284c6a6176612f6e65742f536f636b65743b29560700bc0100136a6176612f696f2f494f457863657074696f6e0700be0100166a6176612f696f2f42756666657265645772697465720700c001001a6a6176612f696f2f4f757470757453747265616d5772697465720a00c200c40700c301000f6a6176612f6e65742f536f636b65740c00c500c601000f6765744f757470757453747265616d01001828294c6a6176612f696f2f4f757470757453747265616d3b0a00bf00c80c002200c9010019284c6a6176612f696f2f4f757470757453747265616d3b29560a00bd00cb0c002200cc010013284c6a6176612f696f2f5772697465723b29560a000100ce0c009700750a00bd00d00c00d1005c01000577726974650800d30100020d0a0a00bd00d50c00d6001c010005636c6f73650a00d800da0700d90100136a6176612f6c616e672f5468726f7761626c650c00db00dc01000d61646453757070726573736564010018284c6a6176612f6c616e672f5468726f7761626c653b29560a00de00e00700df0100136a6176612f6c616e672f457863657074696f6e0c00e1001c01000f7072696e74537461636b54726163650a00c200d5010006736f636b65740100114c6a6176612f6e65742f536f636b65743b0100067772697465720100184c6a6176612f696f2f42756666657265645772697465723b010001650100154c6a6176612f6c616e672f457863657074696f6e3b01000f726563656976654b6579496e666f730700eb0100156a6176612f6e65742f536572766572536f636b65740a00ea002a0a00ea00ee0c00ef00f001000661636365707401001328294c6a6176612f6e65742f536f636b65743b0a00c200f20c00f300f401000e676574496e65744164647265737301001828294c6a6176612f6e65742f496e6574416464726573733b0a001e00f60c00f700f801000b636f6e7461696e734b6579010015284c6a6176612f6c616e672f4f626a6563743b295a0a001e00fa0c00fb00fc010003676574010026284c6a6176612f6c616e672f4f626a6563743b294c6a6176612f6c616e672f4f626a6563743b0700fe01000e6a6176612f6c616e672f4c6f6e670a010001020701010100106a6176612f6c616e672f53797374656d0c0103010401001163757272656e7454696d654d696c6c697301000328294a0a00fd01060c010701040100096c6f6e6756616c756505000000000000ea600a001e010b0c010c00fc01000672656d6f76650a010e011007010f0100116a6176612f6c616e672f496e74656765720c0111011201000776616c75654f660100162849294c6a6176612f6c616e672f496e74656765723b0a001e01140c01150116010003707574010038284c6a6176612f6c616e672f4f626a6563743b4c6a6176612f6c616e672f4f626a6563743b294c6a6176612f6c616e672f4f626a6563743b0a00ea00d50a010e00380a00fd011a0c0111011b010013284a294c6a6176612f6c616e672f4c6f6e673b07011d0100166a6176612f696f2f427566666572656452656164657207011f0100196a6176612f696f2f496e70757453747265616d5265616465720a00c201210c0122012301000e676574496e70757453747265616d01001728294c6a6176612f696f2f496e70757453747265616d3b0a011e01250c00220126010018284c6a6176612f696f2f496e70757453747265616d3b29560a011c01280c00220129010013284c6a6176612f696f2f5265616465723b29560a011c012b0c012c0075010008726561644c696e650a00c2012e0c012f00f401000f6765744c6f63616c416464726573730a00c201310c0132003a01000c6765744c6f63616c506f72740a00c201340c0022013501001a284c6a6176612f6e65742f496e6574416464726573733b49295608013701000d7b636f6d62696e6174696f6e3a0a0098005b0a00bb00e00a011c00d50100067365727665720100174c6a6176612f6e65742f536572766572536f636b65743b01000b626c6f636b656454696d650100104c6a6176612f6c616e672f4c6f6e673b01000b616363657373436f756e740100067265616465720100184c6a6176612f696f2f42756666657265645265616465723b010005696e707574010004726f6f7401000c636c69656e74536f636b65740100154c6a6176612f696f2f494f457863657074696f6e3b0701470100025b4201000a636f6e6669726d4b657901000a536f7572636546696c6501001b44696666696548656c6c6d616e50726f6365647572652e6a6176610021000100030000000a000a0005000600010007000000020008000a000900060001000700000002000a001a000b000c0001000d00000002000e000a000f00100000000a00110010000000190012000c0001000d000000020013001a0014000c0001000d000000020015001a0016000c0001000d000000020017001a0018000c0001000d000000020019001a001a000c0001000d00000002001900090008001b001c0001001d0000005b000300000000002bbb001e59b70020b30023bb001e59b70020b30025bb00275902b70029b3002cbb00275902b70029b3002eb10000000200300000001600050000004f000a005000140054001f0056002a005d003100000002000000010022001c0001001d0000002f00010001000000052ab70032b10000000200300000000600010000002500310000000c0001000000050033003400000009003500360001001d0000005300050003000000152a2cb60037b6003b2bbb003f5903b70041b60042b00000000200300000000600010000002f003100000020000300000015004600100000000000150047001000010000001500480010000200090049004a0002004b000000040001004c001d0000012e0007000a000000822a124e125003bd0003b60052c000504cbb0058592bb7005a4d2c125db6005e4e2c1262b6005e3a042c1263b6005e3a05bb006559b700673a06bb00275919061215b60068121760b700293a072d19041907b8006c3a082a126e127004bd00035903190853b6005257190519041907b8006c3a091909b60072031010b60076b6007ab00000000200300000002e000b0000003a0010003d0019003e0020003f002800400030004300390044004c0046005600490068004b0073004c003100000066000a00000082007e007f00000010007200800081000100190069008200830002002000620046001000030028005a0047001000040030005200640010000500390049008400850006004c00360048001000070056002c0086001000080073000f008700100009000a0088003e0001001d000000a30003000400000034bb008959b7008b4cbb006559b700674d033ea700112b2c1009b60068b6008c578403011d1aa1fff0bb0027592bb60090b70091b00000000300300000001a000600000060000800610010006200150063002000620028006500310000002a0004000000340092000c00000008002c00930094000100100024008400850002001200160095000c000300960000000d0002fe0015070089070065010d0009009700750001001d0000011c0004000600000088bb006559b700674bbb009859b7009a4c2b129bb6009d57103cb800a04d2b12a2b6009d2cb600a457bb0027592ab600a7b700294e2d103cb800a0b600a94e2b12adb6009d2db600a4572db3002ebb0027592a1215b60068121760b700293a041904b3002c2c2d1904b8006c3a052b12afb6009d1905b60072b6009d572b12b1b6009d572bb600b3b00000000200300000003e000f00000072000800730010007400170075001d0076002800790034007a003e007b0049007c004d007e005f007f00640080006d0081007c00820083008400310000003e00060008008000b4008500000010007800b500b60001001d006b00b70010000200340054001100100003005f002900b800100004006d001b006400100005000900b900ba0002004b00000004000100bb001d0000012a000500050000006a014c014dbb00bd59bb00bf592ab600c1b700c7b700ca4e2db800cdb600cf2d12d2b600cf2dc600402db600d4a700394c2dc600072db600d42bbf4d2bc700082c4ca7000d2b2ca500082b2cb600d72bbf4c2bb600dd2ab600e2a700103a042ab600e21904bf2ab600e2b1000400170024002f00000004003a003a000000000050005000de00000055005c0000000300300000002e000b0000008e0017008f001e0090002400910051009200550094005c0093005e009400620095006500940069009600310000002000030000006a00e300e400000017002100e500e600030051000400e700e800010096000000340009ff002f00040700c20700d80700d80700bd00010700d8fa0008410700d80909ff000100010700c200010700de4b0700d80803000900e9007d0002004b00000004000100bb001d0000052e000500140000022fbb00ea591126deb700ec4b2ab600ed4cb200232bb600f1b600f5990047b200232bb600f1b600f9c000fd4db800ff2cb6010565140108949b0020b200232bb600f1b6010a57b200252bb600f103b8010db6011357a7000d2ab601172bb600e201b0b200252bb600f1b600f5990036b200252bb600f1b600f9c0010eb601183d1c046004a4002db200232bb600f1b800ffb80119b60113572bb600e22ab6011701b0b200252bb600f104b8010db6011357014d014ebb011c59bb011e592bb60120b70124b701273a04bb006559b700673a051904b6012a3a06bb0058591906b7005a3a071907125db6005e3a0819071262b6005e3a0919071263b6005e3a0abb00275919051215b60068121760b700293a0b19081909190bb8006c3a0cbb00c2592bb6012d2bb601300460b701333a0d013a0e013a0fbb00bd59bb00bf59190db600c1b700c7b700ca3a101910bb009859130136b70138190cb60072b6009d12b1b6009db600b3b600cf191012d2b600cf1910c600521910b600d4a7004a3a0e1910c600081910b600d4190ebf3a0f190ec7000a190f3a0ea70011190e190fa5000a190e190fb600d7190ebf3a0e190eb60139190db600e2a700123a11190db600e21911bf190db600e2190a1909190bb8006c3a0e190eb60072031010b60076b6007a3a131904c600081904b6013a2ab601171913b04d1904c600081904b6013a2cbf4e2cc700082d4da7000d2c2da500082c2db600d72cbf4d2cb601392ab60117a7000c3a122ab601171912bf01b0000b014a0170017d00000135018c018c0000012f01ab01ab00bb012f01b201ba000000c801e401f5000001ee01f501f5000000b402020202000000b001ee021800bb01f50218021800bb00b001ee0224000001f5021d0224000000030030000000ce0033000000a2000b00a3001000a5001d00a6002b00a7003a00a8004500a9005400aa005700ab005b00ac005f00ad006100b1006e00b2007f00b3008600b4009700b5009b00b6009f00b700a100ba00b000bd00c800bf00d100c100d800c200e300c300ec00c400f500c500fe00c7011100c9011c00cc012f00cd014a00ce016900cf017000d001ad00d101b200d301ba00d201bc00d301c100d401c400d301c900d601d400d701e400d901ee00dc01f200d701f600d9021900da021d00dc022400db022600dc022a00dd022d00df0031000000b60012000b0224013b013c00000010021f00e300e40001002b0036013d013e0002007f0022013f000c000200c8013801400141000400d1012400b40085000500d8011d01420081000600e3011201430083000700ec010900b70010000800f5010000110010000900fe00f700640010000a011100e400b80010000b011c00d900860010000c012f00c6014400e4000d014a003f00e500e6001001ad000500e70145000e01d4002100870010000e0219000400e7014500020096000001050016fe00570700ea0700c20700fdfa00093f0eff00cc00110700ea0700c20700d80700d807011c0700650700500700580700270700270700270700270700270700c20700d80700d80700bd00010700d8fa000b420700d80d0dff0002000e0700ea0700c20700d80700d807011c0700650700500700580700270700270700270700270700270700c200010700bb4e0700d80904ff002400140700ea0700c20700d80700d807011c0700650700500700580700270700270700270700270700270700c2070027000000000701460000ff000600050700ea0700c20700d80700d807011c00010700d8fa000a410700d80909ff000100020700ea0700c200010700bb4b0700d80800090148007d0002004b00000004000100bb001d000002140005000b000000b7bb00ea591126dfb700ec4b2ab600ed4c014d014ebb011c59bb011e592bb60120b70124b701273a041904b6012a3a05bb0058591905b7005a3a0619061263b6005e3a071907b2002eb2002cb8006c3a081908b60072031010b60076b6007a3a0a1904c600081904b6013a2bb600e22ab60117190ab04d1904c600081904b6013a2cbf4e2cc700082d4da7000d2c2da500082c2db600d72cbf4d2cb600dd2bb600e22ab60117a700103a092bb600e22ab601171909bf01b000070028006000750000006a00750075000000140082008200000010006a009800de00750098009800de0010006a00a800000075009d00a8000000030030000000560015000000ee000b00ef001000f1002800f2002f00f3003a00f4004300f6005000f7006000f8006a00fb006e00fc007200f7007600f8009900f9009d00fb00a100fc00a800fa00aa00fb00ae00fc00b200fd00b500fe0031000000520008000b00ac013b013c0000001000a700e300e4000100280058014001410004002f0046014200810005003a003b01430083000600430032006400100007005000250087001000080099000400e700e8000200960000005f0009ff006a000b0700ea0700c20700d80700d807011c070050070058070027070027000701460000ff000a00050700ea0700c20700d80700d807011c00010700d8fa000a410700d80909ff000100020700ea0700c200010700de4f0700d80c0001014900000002014a
78	.classpath	31	\\x3c3f786d6c2076657273696f6e3d22312e302220656e636f64696e673d225554462d38223f3e0d0a3c636c617373706174683e0d0a093c636c61737370617468656e747279206b696e643d2273726322206f75747075743d227461726765742f636c61737365732220706174683d22737263223e0d0a09093c617474726962757465733e0d0a0909093c617474726962757465206e616d653d226f7074696f6e616c222076616c75653d2274727565222f3e0d0a0909093c617474726962757465206e616d653d226d6176656e2e706f6d64657269766564222076616c75653d2274727565222f3e0d0a09093c2f617474726962757465733e0d0a093c2f636c61737370617468656e7472793e0d0a093c636c61737370617468656e747279206b696e643d22636f6e2220706174683d226f72672e65636c697073652e6a64742e6c61756e6368696e672e4a52455f434f4e5441494e45522f6f72672e65636c697073652e6a64742e696e7465726e616c2e64656275672e75692e6c61756e636865722e5374616e64617264564d547970652f4a61766153452d312e38223e0d0a09093c617474726962757465733e0d0a0909093c617474726962757465206e616d653d226d6176656e2e706f6d64657269766564222076616c75653d2274727565222f3e0d0a09093c2f617474726962757465733e0d0a093c2f636c61737370617468656e7472793e0d0a093c636c61737370617468656e747279206b696e643d22636f6e2220706174683d226f72672e65636c697073652e6d32652e4d4156454e325f434c415353504154485f434f4e5441494e4552223e0d0a09093c617474726962757465733e0d0a0909093c617474726962757465206e616d653d226d6176656e2e706f6d64657269766564222076616c75653d2274727565222f3e0d0a09093c2f617474726962757465733e0d0a093c2f636c61737370617468656e7472793e0d0a093c636c61737370617468656e74727920636f6d62696e6561636365737372756c65733d2266616c736522206b696e643d227372632220706174683d222f41454d5344617461626173654c6962222f3e0d0a093c636c61737370617468656e747279206b696e643d226f75747075742220706174683d227461726765742f636c6173736573222f3e0d0a3c2f636c617373706174683e0d0a
79	.gitignore	31	\\x2f7461726765742f0d0a
80	.project	31	\\x3c3f786d6c2076657273696f6e3d22312e302220656e636f64696e673d225554462d38223f3e0d0a3c70726f6a6563744465736372697074696f6e3e0d0a093c6e616d653e41454d535574696c4c69623c2f6e616d653e0d0a093c636f6d6d656e743e3c2f636f6d6d656e743e0d0a093c70726f6a656374733e0d0a093c2f70726f6a656374733e0d0a093c6275696c64537065633e0d0a09093c6275696c64436f6d6d616e643e0d0a0909093c6e616d653e6f72672e65636c697073652e6a64742e636f72652e6a6176616275696c6465723c2f6e616d653e0d0a0909093c617267756d656e74733e0d0a0909093c2f617267756d656e74733e0d0a09093c2f6275696c64436f6d6d616e643e0d0a09093c6275696c64436f6d6d616e643e0d0a0909093c6e616d653e6f72672e65636c697073652e6d32652e636f72652e6d6176656e324275696c6465723c2f6e616d653e0d0a0909093c617267756d656e74733e0d0a0909093c2f617267756d656e74733e0d0a09093c2f6275696c64436f6d6d616e643e0d0a093c2f6275696c64537065633e0d0a093c6e6174757265733e0d0a09093c6e61747572653e6f72672e65636c697073652e6d32652e636f72652e6d6176656e324e61747572653c2f6e61747572653e0d0a09093c6e61747572653e6f72672e65636c697073652e6a64742e636f72652e6a6176616e61747572653c2f6e61747572653e0d0a093c2f6e6174757265733e0d0a3c2f70726f6a6563744465736372697074696f6e3e0d0a
81	bin/.gitignore	31	\\x2f61742f0d0a
82	bin/at/htlgkr/aems/util/logger/Logger$LogType.class	31	\\xcafebabe00000034003607000201002961742f68746c676b722f61656d732f7574696c2f6c6f676765722f4c6f67676572244c6f675479706507000401000e6a6176612f6c616e672f456e756d010004494e464f01002b4c61742f68746c676b722f61656d732f7574696c2f6c6f676765722f4c6f67676572244c6f67547970653b0100075741524e494e470100054552524f5201000b454e554d2456414c55455301002c5b4c61742f68746c676b722f61656d732f7574696c2f6c6f676765722f4c6f67676572244c6f67547970653b0100083c636c696e69743e010003282956010004436f64650800050a000100100c001100120100063c696e69743e010016284c6a6176612f6c616e672f537472696e673b49295609000100140c0005000608000709000100170c00070006080008090001001a0c00080006090001001c0c0009000a01000f4c696e654e756d6265725461626c650100124c6f63616c5661726961626c655461626c650a000300100100047468697301000676616c75657301002e28295b4c61742f68746c676b722f61656d732f7574696c2f6c6f676765722f4c6f67676572244c6f67547970653b0a002400260700250100106a6176612f6c616e672f53797374656d0c002700280100096172726179636f707901002a284c6a6176612f6c616e672f4f626a6563743b494c6a6176612f6c616e672f4f626a6563743b4949295601000776616c75654f6601003f284c6a6176612f6c616e672f537472696e673b294c61742f68746c676b722f61656d732f7574696c2f6c6f676765722f4c6f67676572244c6f67547970653b0a0003002c0c0029002d010035284c6a6176612f6c616e672f436c6173733b4c6a6176612f6c616e672f537472696e673b294c6a6176612f6c616e672f456e756d3b01000a536f7572636546696c6501000b4c6f676765722e6a6176610100095369676e617475726501003d4c6a6176612f6c616e672f456e756d3c4c61742f68746c676b722f61656d732f7574696c2f6c6f676765722f4c6f67676572244c6f67547970653b3e3b01000c496e6e6572436c617373657307003401002161742f68746c676b722f61656d732f7574696c2f6c6f676765722f4c6f676765720100074c6f675479706540310001000300000004401900050006000040190007000600004019000800060000101a0009000a000000040008000b000c0001000d000000650004000000000041bb000159120e03b7000fb30013bb000159121504b7000fb30016bb000159121805b7000fb3001906bd00015903b20013535904b20016535905b2001953b3001bb100000002001d0000000a00020000001800270017001e0000000200000002001100120001000d0000003100030003000000072a2b1cb7001fb100000002001d00000006000100000017001e0000000c0001000000070020000600000009002100220001000d000000360005000300000016b2001b594b032abe593cbd0001594d031bb800232cb000000002001d00000006000100000001001e00000002000000090029002a0001000d0000002a000200010000000a12012ab8002bc00001b000000002001d00000006000100000001001e0000000200000003002e00000002002f003000000002003100320000000a00010001003300354019
83	bin/at/htlgkr/aems/util/logger/Logger.class	31	\\xcafebabe00000034008207000201002161742f68746c676b722f61656d732f7574696c2f6c6f676765722f4c6f676765720700040100106a6176612f6c616e672f4f626a6563740100063c696e69743e010003282956010004436f64650a000300090c0005000601000f4c696e654e756d6265725461626c650100124c6f63616c5661726961626c655461626c65010004746869730100234c61742f68746c676b722f61656d732f7574696c2f6c6f676765722f4c6f676765723b01000c67657454696d657374616d7001001428294c6a6176612f6c616e672f537472696e673b0a001100130700120100126a6176612f7574696c2f43616c656e6461720c0014001501000b676574496e7374616e636501001628294c6a6176612f7574696c2f43616c656e6461723b0a001700190700180100106a6176612f6c616e672f53797374656d0c001a001b01001163757272656e7454696d654d696c6c697301000328294a0a0011001d0c001e001f01000f73657454696d65496e4d696c6c6973010004284a29560a001100210c00220023010003676574010004284929490700250100176a6176612f6c616e672f537472696e674275696c646572080027010001300a002400290c0005002a010015284c6a6176612f6c616e672f537472696e673b29560a0024002c0c002d002e010006617070656e6401001c2849294c6a6176612f6c616e672f537472696e674275696c6465723b0a002400300c0031000f010008746f537472696e670a003300350700340100106a6176612f6c616e672f537472696e670c0036003701000776616c75654f660100152849294c6a6176612f6c616e672f537472696e673b0800390100015b0a0024003b0c002d003c01002d284c6a6176612f6c616e672f537472696e673b294c6a6176612f6c616e672f537472696e674275696c6465723b08003e0100013a0800400100015d010001630100144c6a6176612f7574696c2f43616c656e6461723b010005686f7572730100124c6a6176612f6c616e672f537472696e673b0100076d696e757465730100077365636f6e647301000d537461636b4d61705461626c650100036c6f67010040284c61742f68746c676b722f61656d732f7574696c2f6c6f676765722f4c6f67676572244c6f67547970653b4c6a6176612f6c616e672f537472696e673b295607004b0100166a6176612f6c616e672f537472696e674275666665720a004a00090a004a004e0c002d004f01002c284c6a6176612f6c616e672f537472696e673b294c6a6176612f6c616e672f537472696e674275666665723b0a004a00510c002d005201002c284c6a6176612f6c616e672f4f626a6563743b294c6a6176612f6c616e672f537472696e674275666665723b0a000100540c000e000f0a005600580700570100106a6176612f6c616e672f5468726561640c0059005a01000d63757272656e7454687265616401001428294c6a6176612f6c616e672f5468726561643b0a0056005c0c005d005e01000d676574537461636b547261636501002028295b4c6a6176612f6c616e672f537461636b5472616365456c656d656e743b0a0060006207006101001b6a6176612f6c616e672f537461636b5472616365456c656d656e740c0063000f01000c676574436c6173734e616d650a006000650c0066000f01000d6765744d6574686f644e616d65080068010004202d3e20090017006a0c006b006c0100036f75740100154c6a6176612f696f2f5072696e7453747265616d3b0a004a00300a006f00710700700100136a6176612f696f2f5072696e7453747265616d0c0072002a0100077072696e746c6e0100047479706501002b4c61742f68746c676b722f61656d732f7574696c2f6c6f676765722f4c6f67676572244c6f67547970653b0100036d73670100066275666665720100184c6a6176612f6c616e672f537472696e674275666665723b010008656c656d656e747301001e5b4c6a6176612f6c616e672f537461636b5472616365456c656d656e743b010009636c6173734e616d6501000a6d6574686f644e616d6501000a536f7572636546696c6501000b4c6f676765722e6a61766101000c496e6e6572436c617373657307008001002961742f68746c676b722f61656d732f7574696c2f6c6f676765722f4c6f67676572244c6f67547970650100074c6f6754797065002100010003000000000003000100050006000100070000002f00010001000000052ab70008b100000002000a0000000600010000000b000b0000000c000100000005000c000d0000000a000e000f000100070000013c00030004000000bab800104b2ab80016b6001c2a100ab60020100aa2001bbb0024591226b700282a100ab60020b6002bb6002fa7000c2a100ab60020b800324c2a100cb60020100aa2001bbb0024591226b700282a100cb60020b6002bb6002fa7000c2a100cb60020b800324d2a100db60020100aa2001bbb0024591226b700282a100db60020b6002bb6002fa7000c2a100db60020b800324ebb0024591238b700282bb6003a123db6003a2cb6003a123db6003a2db6003a123fb6003ab6002fb000000003000a0000001a00060000000e0004000f000b0010003800110065001200920014000b0000002a0004000400b60041004200000038008200430044000100650055004500440002009200280046004400030047000000200006fc002e07001148070033fc002307003348070033fc00230700334807003300090048004900010007000000f3000200060000006fbb004a59b7004c4d2c1238b6004d2ab60050123fb6004d572cb80053b6004d57b80055b6005b4e2d0532b6005f3a042d0532b600643a052c1238b6004d1904b6004d123fb6004d572c1238b6004d1905b6004d123fb6004d572c1267b6004d2bb6004d57b200692cb6006db6006eb100000002000a0000002e000b0000001c0008001e0018001f0020002100270022002f002300370024004800250059002600640028006e0029000b0000003e00060000006f0073007400000000006f0075004400010008006700760077000200270048007800790003002f0040007a0044000400370038007b004400050002007c00000002007d007e0000000a0001007f000100814019
\.


--
-- TOC entry 2149 (class 0 OID 37000)
-- Dependencies: 194
-- Data for Name: jar_descriptor; Type: TABLE DATA; Schema: sqlj; Owner: postgres
--

COPY jar_descriptor  FROM stdin;
\.


--
-- TOC entry 2151 (class 0 OID 37027)
-- Dependencies: 197
-- Data for Name: typemap_entry; Type: TABLE DATA; Schema: sqlj; Owner: postgres
--

COPY typemap_entry  FROM stdin;
\.


SET search_path = aems, pg_catalog;

--
-- TOC entry 2185 (class 2606 OID 45477)
-- Name: DebugInfo_pkey; Type: CONSTRAINT; Schema: aems; Owner: aems
--

ALTER TABLE ONLY "DebugInfo"
    ADD CONSTRAINT "DebugInfo_pkey" PRIMARY KEY (pk);


--
-- TOC entry 2187 (class 2606 OID 53684)
-- Name: pk_archived_meter_notifications; Type: CONSTRAINT; Schema: aems; Owner: aems
--

ALTER TABLE ONLY "ArchivedMeterNotifications"
    ADD CONSTRAINT pk_archived_meter_notifications PRIMARY KEY (id);


--
-- TOC entry 2181 (class 2606 OID 37397)
-- Name: pk_meterdata; Type: CONSTRAINT; Schema: aems; Owner: aems
--

ALTER TABLE ONLY "MeterData"
    ADD CONSTRAINT pk_meterdata PRIMARY KEY (id);


--
-- TOC entry 2159 (class 2606 OID 36375)
-- Name: pk_meters; Type: CONSTRAINT; Schema: aems; Owner: aems
--

ALTER TABLE ONLY "Meters"
    ADD CONSTRAINT pk_meters PRIMARY KEY (id);


--
-- TOC entry 2153 (class 2606 OID 36360)
-- Name: pk_metertypes; Type: CONSTRAINT; Schema: aems; Owner: aems
--

ALTER TABLE ONLY "MeterTypes"
    ADD CONSTRAINT pk_metertypes PRIMARY KEY (id);


--
-- TOC entry 2175 (class 2606 OID 37349)
-- Name: pk_notification_exceptions; Type: CONSTRAINT; Schema: aems; Owner: aems
--

ALTER TABLE ONLY "NotificationExceptions"
    ADD CONSTRAINT pk_notification_exceptions PRIMARY KEY (id);


--
-- TOC entry 2171 (class 2606 OID 37326)
-- Name: pk_notifications; Type: CONSTRAINT; Schema: aems; Owner: aems
--

ALTER TABLE ONLY "Notifications"
    ADD CONSTRAINT pk_notifications PRIMARY KEY (id);


--
-- TOC entry 2165 (class 2606 OID 37221)
-- Name: pk_periods; Type: CONSTRAINT; Schema: aems; Owner: aems
--

ALTER TABLE ONLY "Periods"
    ADD CONSTRAINT pk_periods PRIMARY KEY (id);


--
-- TOC entry 2177 (class 2606 OID 37367)
-- Name: pk_reports; Type: CONSTRAINT; Schema: aems; Owner: aems
--

ALTER TABLE ONLY "Reports"
    ADD CONSTRAINT pk_reports PRIMARY KEY (id);


--
-- TOC entry 2179 (class 2606 OID 37382)
-- Name: pk_reportstatistics; Type: CONSTRAINT; Schema: aems; Owner: aems
--

ALTER TABLE ONLY "ReportStatistics"
    ADD CONSTRAINT pk_reportstatistics PRIMARY KEY (report, statistic);


--
-- TOC entry 2167 (class 2606 OID 37276)
-- Name: pk_statistic_meters; Type: CONSTRAINT; Schema: aems; Owner: aems
--

ALTER TABLE ONLY "StatisticMeters"
    ADD CONSTRAINT pk_statistic_meters PRIMARY KEY (statistic, meter);


--
-- TOC entry 2169 (class 2606 OID 37306)
-- Name: pk_statistic_times; Type: CONSTRAINT; Schema: aems; Owner: aems
--

ALTER TABLE ONLY "StatisticTimes"
    ADD CONSTRAINT pk_statistic_times PRIMARY KEY (id);


--
-- TOC entry 2163 (class 2606 OID 37208)
-- Name: pk_statistics; Type: CONSTRAINT; Schema: aems; Owner: aems
--

ALTER TABLE ONLY "Statistics"
    ADD CONSTRAINT pk_statistics PRIMARY KEY (id);


--
-- TOC entry 2161 (class 2606 OID 36848)
-- Name: pk_transfer_infos; Type: CONSTRAINT; Schema: aems; Owner: aems
--

ALTER TABLE ONLY "TransferInfos"
    ADD CONSTRAINT pk_transfer_infos PRIMARY KEY (id);


--
-- TOC entry 2155 (class 2606 OID 36368)
-- Name: pk_users; Type: CONSTRAINT; Schema: aems; Owner: aems
--

ALTER TABLE ONLY "Users"
    ADD CONSTRAINT pk_users PRIMARY KEY (id);


--
-- TOC entry 2183 (class 2606 OID 37407)
-- Name: pk_weatherdata; Type: CONSTRAINT; Schema: aems; Owner: aems
--

ALTER TABLE ONLY "WeatherData"
    ADD CONSTRAINT pk_weatherdata PRIMARY KEY (id);


--
-- TOC entry 2173 (class 2606 OID 45505)
-- Name: unique_meter; Type: CONSTRAINT; Schema: aems; Owner: aems
--

ALTER TABLE ONLY "NotificationMeters"
    ADD CONSTRAINT unique_meter UNIQUE (meter);


--
-- TOC entry 2157 (class 2606 OID 36370)
-- Name: users_username_key; Type: CONSTRAINT; Schema: aems; Owner: aems
--

ALTER TABLE ONLY "Users"
    ADD CONSTRAINT users_username_key UNIQUE (username);


--
-- TOC entry 2206 (class 2606 OID 53685)
-- Name: fk_amn_meters; Type: FK CONSTRAINT; Schema: aems; Owner: aems
--

ALTER TABLE ONLY "ArchivedMeterNotifications"
    ADD CONSTRAINT fk_amn_meters FOREIGN KEY (meter) REFERENCES "Meters"(id);


--
-- TOC entry 2207 (class 2606 OID 53690)
-- Name: fk_amn_notifications; Type: FK CONSTRAINT; Schema: aems; Owner: aems
--

ALTER TABLE ONLY "ArchivedMeterNotifications"
    ADD CONSTRAINT fk_amn_notifications FOREIGN KEY (notification) REFERENCES "Notifications"(id);


--
-- TOC entry 2208 (class 2606 OID 53695)
-- Name: fk_amn_period; Type: FK CONSTRAINT; Schema: aems; Owner: aems
--

ALTER TABLE ONLY "ArchivedMeterNotifications"
    ADD CONSTRAINT fk_amn_period FOREIGN KEY (period) REFERENCES "Periods"(id);


--
-- TOC entry 2204 (class 2606 OID 37398)
-- Name: fk_meterdata_meters; Type: FK CONSTRAINT; Schema: aems; Owner: aems
--

ALTER TABLE ONLY "MeterData"
    ADD CONSTRAINT fk_meterdata_meters FOREIGN KEY (meter) REFERENCES "Meters"(id);


--
-- TOC entry 2188 (class 2606 OID 36376)
-- Name: fk_meters_metertypes; Type: FK CONSTRAINT; Schema: aems; Owner: aems
--

ALTER TABLE ONLY "Meters"
    ADD CONSTRAINT fk_meters_metertypes FOREIGN KEY (metertype) REFERENCES "MeterTypes"(id);


--
-- TOC entry 2189 (class 2606 OID 36381)
-- Name: fk_meters_users; Type: FK CONSTRAINT; Schema: aems; Owner: aems
--

ALTER TABLE ONLY "Meters"
    ADD CONSTRAINT fk_meters_users FOREIGN KEY ("user") REFERENCES "Users"(id);


--
-- TOC entry 2198 (class 2606 OID 37350)
-- Name: fk_notification_exceptions_notifications; Type: FK CONSTRAINT; Schema: aems; Owner: aems
--

ALTER TABLE ONLY "NotificationExceptions"
    ADD CONSTRAINT fk_notification_exceptions_notifications FOREIGN KEY (notification) REFERENCES "Notifications"(id);


--
-- TOC entry 2199 (class 2606 OID 37355)
-- Name: fk_notification_exceptions_periods; Type: FK CONSTRAINT; Schema: aems; Owner: aems
--

ALTER TABLE ONLY "NotificationExceptions"
    ADD CONSTRAINT fk_notification_exceptions_periods FOREIGN KEY (period) REFERENCES "Periods"(id);


--
-- TOC entry 2196 (class 2606 OID 37335)
-- Name: fk_notificationmeters_meters; Type: FK CONSTRAINT; Schema: aems; Owner: aems
--

ALTER TABLE ONLY "NotificationMeters"
    ADD CONSTRAINT fk_notificationmeters_meters FOREIGN KEY (meter) REFERENCES "Meters"(id);


--
-- TOC entry 2195 (class 2606 OID 37327)
-- Name: fk_notifications_users; Type: FK CONSTRAINT; Schema: aems; Owner: aems
--

ALTER TABLE ONLY "Notifications"
    ADD CONSTRAINT fk_notifications_users FOREIGN KEY ("user") REFERENCES "Users"(id);


--
-- TOC entry 2197 (class 2606 OID 37340)
-- Name: fk_otificationmeters_notifications; Type: FK CONSTRAINT; Schema: aems; Owner: aems
--

ALTER TABLE ONLY "NotificationMeters"
    ADD CONSTRAINT fk_otificationmeters_notifications FOREIGN KEY (notification) REFERENCES "Notifications"(id);


--
-- TOC entry 2200 (class 2606 OID 37368)
-- Name: fk_reports_period; Type: FK CONSTRAINT; Schema: aems; Owner: aems
--

ALTER TABLE ONLY "Reports"
    ADD CONSTRAINT fk_reports_period FOREIGN KEY (period) REFERENCES "Periods"(id);


--
-- TOC entry 2201 (class 2606 OID 37373)
-- Name: fk_reports_user; Type: FK CONSTRAINT; Schema: aems; Owner: aems
--

ALTER TABLE ONLY "Reports"
    ADD CONSTRAINT fk_reports_user FOREIGN KEY ("user") REFERENCES "Users"(id);


--
-- TOC entry 2202 (class 2606 OID 37383)
-- Name: fk_reportstatistics_reports; Type: FK CONSTRAINT; Schema: aems; Owner: aems
--

ALTER TABLE ONLY "ReportStatistics"
    ADD CONSTRAINT fk_reportstatistics_reports FOREIGN KEY (report) REFERENCES "Reports"(id);


--
-- TOC entry 2203 (class 2606 OID 37388)
-- Name: fk_reportstatistics_statistics; Type: FK CONSTRAINT; Schema: aems; Owner: aems
--

ALTER TABLE ONLY "ReportStatistics"
    ADD CONSTRAINT fk_reportstatistics_statistics FOREIGN KEY (statistic) REFERENCES "Statistics"(id);


--
-- TOC entry 2191 (class 2606 OID 37277)
-- Name: fk_statistic_meters_meters; Type: FK CONSTRAINT; Schema: aems; Owner: aems
--

ALTER TABLE ONLY "StatisticMeters"
    ADD CONSTRAINT fk_statistic_meters_meters FOREIGN KEY (meter) REFERENCES "Meters"(id);


--
-- TOC entry 2192 (class 2606 OID 37282)
-- Name: fk_statistic_meters_statistics; Type: FK CONSTRAINT; Schema: aems; Owner: aems
--

ALTER TABLE ONLY "StatisticMeters"
    ADD CONSTRAINT fk_statistic_meters_statistics FOREIGN KEY (statistic) REFERENCES "Statistics"(id);


--
-- TOC entry 2193 (class 2606 OID 37307)
-- Name: fk_statistic_times_periods; Type: FK CONSTRAINT; Schema: aems; Owner: aems
--

ALTER TABLE ONLY "StatisticTimes"
    ADD CONSTRAINT fk_statistic_times_periods FOREIGN KEY (period) REFERENCES "Periods"(id);


--
-- TOC entry 2194 (class 2606 OID 37312)
-- Name: fk_statistic_times_statistics; Type: FK CONSTRAINT; Schema: aems; Owner: aems
--

ALTER TABLE ONLY "StatisticTimes"
    ADD CONSTRAINT fk_statistic_times_statistics FOREIGN KEY (statistic) REFERENCES "Statistics"(id);


--
-- TOC entry 2190 (class 2606 OID 37209)
-- Name: fk_statistics_users; Type: FK CONSTRAINT; Schema: aems; Owner: aems
--

ALTER TABLE ONLY "Statistics"
    ADD CONSTRAINT fk_statistics_users FOREIGN KEY ("user") REFERENCES "Users"(id);


--
-- TOC entry 2205 (class 2606 OID 37408)
-- Name: fk_weatherdata_meters; Type: FK CONSTRAINT; Schema: aems; Owner: aems
--

ALTER TABLE ONLY "WeatherData"
    ADD CONSTRAINT fk_weatherdata_meters FOREIGN KEY (meter) REFERENCES "Meters"(id);


--
-- TOC entry 2347 (class 0 OID 0)
-- Dependencies: 11
-- Name: aems; Type: ACL; Schema: -; Owner: aems
--

REVOKE ALL ON SCHEMA aems FROM PUBLIC;
REVOKE ALL ON SCHEMA aems FROM aems;
GRANT ALL ON SCHEMA aems TO aems;
GRANT ALL ON SCHEMA aems TO postgres;


--
-- TOC entry 2349 (class 0 OID 0)
-- Dependencies: 8
-- Name: public; Type: ACL; Schema: -; Owner: postgres
--

REVOKE ALL ON SCHEMA public FROM PUBLIC;
REVOKE ALL ON SCHEMA public FROM postgres;
GRANT ALL ON SCHEMA public TO postgres;
GRANT ALL ON SCHEMA public TO PUBLIC;


--
-- TOC entry 2351 (class 0 OID 0)
-- Dependencies: 10
-- Name: sqlj; Type: ACL; Schema: -; Owner: postgres
--

REVOKE ALL ON SCHEMA sqlj FROM PUBLIC;
REVOKE ALL ON SCHEMA sqlj FROM postgres;
GRANT ALL ON SCHEMA sqlj TO postgres;
GRANT USAGE ON SCHEMA sqlj TO PUBLIC;


--
-- TOC entry 2355 (class 0 OID 0)
-- Dependencies: 260
-- Name: delete_user(character varying); Type: ACL; Schema: aems; Owner: aems
--

REVOKE ALL ON FUNCTION delete_user(p_username character varying) FROM PUBLIC;
REVOKE ALL ON FUNCTION delete_user(p_username character varying) FROM aems;
GRANT ALL ON FUNCTION delete_user(p_username character varying) TO aems;
GRANT ALL ON FUNCTION delete_user(p_username character varying) TO PUBLIC;


--
-- TOC entry 2356 (class 0 OID 0)
-- Dependencies: 275
-- Name: register_user(character varying, character varying); Type: ACL; Schema: aems; Owner: aems
--

REVOKE ALL ON FUNCTION register_user(username character varying, clear_text_password character varying) FROM PUBLIC;
REVOKE ALL ON FUNCTION register_user(username character varying, clear_text_password character varying) FROM aems;
GRANT ALL ON FUNCTION register_user(username character varying, clear_text_password character varying) TO aems;
GRANT ALL ON FUNCTION register_user(username character varying, clear_text_password character varying) TO PUBLIC;


--
-- TOC entry 2357 (class 0 OID 0)
-- Dependencies: 185
-- Name: MeterTypes; Type: ACL; Schema: aems; Owner: aems
--

REVOKE ALL ON TABLE "MeterTypes" FROM PUBLIC;
REVOKE ALL ON TABLE "MeterTypes" FROM aems;
GRANT SELECT,INSERT,DELETE,UPDATE ON TABLE "MeterTypes" TO aems;


--
-- TOC entry 2358 (class 0 OID 0)
-- Dependencies: 187
-- Name: Meters; Type: ACL; Schema: aems; Owner: aems
--

REVOKE ALL ON TABLE "Meters" FROM PUBLIC;
REVOKE ALL ON TABLE "Meters" FROM aems;
GRANT SELECT,INSERT,DELETE,UPDATE ON TABLE "Meters" TO aems;


--
-- TOC entry 2359 (class 0 OID 0)
-- Dependencies: 186
-- Name: Users; Type: ACL; Schema: aems; Owner: aems
--

REVOKE ALL ON TABLE "Users" FROM PUBLIC;
REVOKE ALL ON TABLE "Users" FROM aems;
GRANT SELECT,INSERT,DELETE,UPDATE ON TABLE "Users" TO aems;


--
-- TOC entry 2360 (class 0 OID 0)
-- Dependencies: 188
-- Name: user_seq; Type: ACL; Schema: aems; Owner: aems
--

REVOKE ALL ON SEQUENCE user_seq FROM PUBLIC;
REVOKE ALL ON SEQUENCE user_seq FROM aems;
GRANT ALL ON SEQUENCE user_seq TO aems;


-- Completed on 2017-10-29 12:31:23

--
-- PostgreSQL database dump complete
--

